{
  "format_version": "1.10.0",
  "minecraft:client_entity": {
    "description": {
      "identifier": "minecraft:drowned",
      "min_engine_version": "1.16.0",
      "materials": {
        "default": "drowned"
      },
      "textures": {
        "default": "assets/minecraft/textures/entity/zombie/drowned",
        "default2": "assets/minecraft/optifine/random/entity/zombie/drowned2"
      },
      "geometry": {
        "default": "geometry.zombie.drowned"
      },
      "scripts": {
        "pre_animation": [
          "variable.tcos0 = (Math.cos(query.modified_distance_moved * 38.17) * query.modified_move_speed / variable.gliding_speed_value) * 57.3;",
          "variable.Xvar = (variable.Xvar ?? Math.random(0,999));"
        ],
        "animate": [
          { "nugget_big_head": "query.is_baby" },
          { "nugget_adult_head": "!query.is_baby" },
          { "nugget_no_tits": "query.is_baby" },
          "look_at_target",
          "move",
          { "riding.arms": "query.is_riding" },
          { "riding.legs": "query.is_riding" },
          "holding",
          { "charging": "query.is_charging" },
          "attack_controller",
          { "brandish_spear": "variable.is_brandishing_spear" },
          "bob",
          { "damage_nearby_mobs": "variable.damage_nearby_mobs" },
          { "use_item_progress": "( variable.use_item_interval_progress > 0.0 ) || ( variable.use_item_startup_progress > 0.0 )" },
          { "swimming": "variable.swim_amount > 0.0" }
        ]
      },
      "animations": {
        "nugget_big_head": "animation.nugget.big_head",
        "nugget_adult_head": "animation.nugget.adult_head",
        "nugget_no_tits": "animation.nugget.no_tits",
        "look_at_target": "controller.animation.humanoid.look_at_target",
        "look_at_target_default": "animation.humanoid.look_at_target.default",
        "look_at_target_gliding": "animation.humanoid.look_at_target.gliding",
        "look_at_target_swimming": "animation.humanoid.look_at_target.swimming",
        "move": "animation.nugget.move",
        "riding.arms": "animation.nugget.riding.arms",
        "riding.legs": "animation.nugget.riding.legs",
        "holding": "animation.nugget.holding",
        "brandish_spear": "animation.nugget.brandish_spear",
        "charging": "animation.nugget.charging",
        "bob": "animation.nugget.bob",
        "damage_nearby_mobs": "animation.nugget.damage_nearby_mobs",
        "use_item_progress": "animation.nugget.use_item_progress",
        "attack_controller": "controller.animation.drowned.attack.rotations",
        "zombie_attack_bare_hand": "animation.zombie.attack_bare_hand",
        "attack_rotations": "animation.drowned.attack.rotations",
        "swimming": "animation.drowned.swimming.v1.0"
      },
      "render_controllers": [ "controller.render.drowned" ],
      "enable_attachables": true,
      "spawn_egg": {
        "texture": "spawn_egg",
        "texture_index": 48
      }
    }
  }
}
