{
  "format_version": "1.10.0",
  "minecraft:client_entity": {
    "description": {
      "identifier": "minecraft:ravager",
      "textures": {
        "default": "assets/minecraft/textures/entity/illager/ravager",
        "default2": "assets/minecraft/optifine/random/entity/illager/ravager2",
        "default3": "assets/minecraft/optifine/random/entity/illager/ravager3"
      },
      "materials": {
        "default": "ravager"
      },
      "geometry": {
        "default": "geometry.ravager"
      },
      "render_controllers": [
        "controller.render.ravager"
      ],
      "spawn_egg": {
        "texture": "spawn_egg",
        "texture_index": 57
      },
      "animations": {
        "look_at_target_default": "animation.nugget.look_at_target.default",
        "walk": "animation.ravager.walk",
        "look_at_target": "animation.common.look_at_target",
        "idle_mouth": "animation.ravager.idle_mouth",
        "stunned": "animation.ravager.stunned",
        "roaring": "animation.ravager.roaring",
        "move": "controller.animation.ravager.move",
        "head": "controller.animation.ravager.head_movement",
        "biting": "animation.ravager.biting"
      },
      "scripts": {
        "pre_animation": [
          "variable.roar_length = 1.0;", // in seconds
          "variable.bite_anim_duration = 0.75f;", // in seconds
          "variable.bite_neck_length = 10;",
          "variable.Xvar = (variable.Xvar ?? Math.random(0,999));"
        ],
        "animate": [
          "move",
          "head"
        ]
      },
      "particle_effects": {
        "stun_particles": "minecraft:stunned_emitter"
      }
    }
  }
}