{
  "format_version": "1.8.0",
  "minecraft:client_entity": {
    "description": {
      "identifier": "minecraft:villager_v2",
      "materials": {
        "default": "villager_v2",
        "masked": "villager_v2_masked"
      },
      "textures": {
        // "I fucking hate this" - KatyushaNugget
        "default": "assets/temporaryfix/textures/entity/villager/villager",
        "default2": "assets/temporaryfix/optifine/random/entity/villager/villager2",
        "default3": "assets/temporaryfix/optifine/random/entity/villager/villager3",
        "default4": "assets/temporaryfix/optifine/random/entity/villager/villager4",
        "default5": "assets/temporaryfix/optifine/random/entity/villager/villager5",
        "default6": "assets/temporaryfix/optifine/random/entity/villager/villager6",
        "default7": "assets/temporaryfix/optifine/random/entity/villager/villager7",
        "default8": "assets/temporaryfix/optifine/random/entity/villager/villager8",
        "default9": "assets/temporaryfix/optifine/random/entity/villager/villager9",
        "default10": "assets/temporaryfix/optifine/random/entity/villager/villager10",
"default11": "assets/temporaryfix/optifine/random/entity/villager/villager11",
"default12": "assets/temporaryfix/optifine/random/entity/villager/villager12",
"default13": "assets/temporaryfix/optifine/random/entity/villager/villager13",
"default14": "assets/temporaryfix/optifine/random/entity/villager/villager14",
"default15": "assets/temporaryfix/optifine/random/entity/villager/villager15",
"default16": "assets/temporaryfix/optifine/random/entity/villager/villager16",
"default17": "assets/temporaryfix/optifine/random/entity/villager/villager17",
"default18": "assets/temporaryfix/optifine/random/entity/villager/villager18",
"default19": "assets/temporaryfix/optifine/random/entity/villager/villager19",
"default20": "assets/temporaryfix/optifine/random/entity/villager/villager20",
"default21": "assets/temporaryfix/optifine/random/entity/villager/villager21",
"default22": "assets/temporaryfix/optifine/random/entity/villager/villager22",
"default23": "assets/temporaryfix/optifine/random/entity/villager/villager23",
"default24": "assets/temporaryfix/optifine/random/entity/villager/villager24",
"default25": "assets/temporaryfix/optifine/random/entity/villager/villager25",
"default26": "assets/temporaryfix/optifine/random/entity/villager/villager26",
"default27": "assets/temporaryfix/optifine/random/entity/villager/villager27",
"default28": "assets/temporaryfix/optifine/random/entity/villager/villager28",
"default29": "assets/temporaryfix/optifine/random/entity/villager/villager29",
"default30": "assets/temporaryfix/optifine/random/entity/villager/villager30",
"default31": "assets/temporaryfix/optifine/random/entity/villager/villager31",
"default32": "assets/temporaryfix/optifine/random/entity/villager/villager32",
"default33": "assets/temporaryfix/optifine/random/entity/villager/villager33",
"default34": "assets/temporaryfix/optifine/random/entity/villager/villager34",
"default35": "assets/temporaryfix/optifine/random/entity/villager/villager35",
"default36": "assets/temporaryfix/optifine/random/entity/villager/villager36",
"default37": "assets/temporaryfix/optifine/random/entity/villager/villager37",
"default38": "assets/temporaryfix/optifine/random/entity/villager/villager38",
"default39": "assets/temporaryfix/optifine/random/entity/villager/villager39",
"default40": "assets/temporaryfix/optifine/random/entity/villager/villager40",
"default41": "assets/temporaryfix/optifine/random/entity/villager/villager41",
"default42": "assets/temporaryfix/optifine/random/entity/villager/villager42",
"default43": "assets/temporaryfix/optifine/random/entity/villager/villager43",
"default44": "assets/temporaryfix/optifine/random/entity/villager/villager44",
"default45": "assets/temporaryfix/optifine/random/entity/villager/villager45",
"default46": "assets/temporaryfix/optifine/random/entity/villager/villager46",
"default47": "assets/temporaryfix/optifine/random/entity/villager/villager47",
"default48": "assets/temporaryfix/optifine/random/entity/villager/villager48",
"default49": "assets/temporaryfix/optifine/random/entity/villager/villager49",
"default50": "assets/temporaryfix/optifine/random/entity/villager/villager50",
"default51": "assets/temporaryfix/optifine/random/entity/villager/villager51",
"default52": "assets/temporaryfix/optifine/random/entity/villager/villager52",
"default53": "assets/temporaryfix/optifine/random/entity/villager/villager53",
"default54": "assets/temporaryfix/optifine/random/entity/villager/villager54",
"default55": "assets/temporaryfix/optifine/random/entity/villager/villager55",
"default56": "assets/temporaryfix/optifine/random/entity/villager/villager56",
"default57": "assets/temporaryfix/optifine/random/entity/villager/villager57",
"default58": "assets/temporaryfix/optifine/random/entity/villager/villager58",
"default59": "assets/temporaryfix/optifine/random/entity/villager/villager59",
"default60": "assets/temporaryfix/optifine/random/entity/villager/villager60",
"default61": "assets/temporaryfix/optifine/random/entity/villager/villager61",
"default62": "assets/temporaryfix/optifine/random/entity/villager/villager62",
"default63": "assets/temporaryfix/optifine/random/entity/villager/villager63",
"default64": "assets/temporaryfix/optifine/random/entity/villager/villager64",
"default65": "assets/temporaryfix/optifine/random/entity/villager/villager65",
"default66": "assets/temporaryfix/optifine/random/entity/villager/villager66",
"default67": "assets/temporaryfix/optifine/random/entity/villager/villager67",
"default68": "assets/temporaryfix/optifine/random/entity/villager/villager68",
"default69": "assets/temporaryfix/optifine/random/entity/villager/villager69",
"default70": "assets/temporaryfix/optifine/random/entity/villager/villager70",

        // I dont fucking code, but im too broke to pay a bedrockologist
        "desert": "assets/temporaryfix/textures/entity/skeleton/stray_overlay",
        "jungle": "assets/temporaryfix/textures/entity/skeleton/stray_overlay",
        "plains": "assets/temporaryfix/textures/entity/skeleton/stray_overlay",
        "savanna": "assets/temporaryfix/textures/entity/skeleton/stray_overlay",
        "snow": "assets/temporaryfix/textures/entity/skeleton/stray_overlay",
        "swamp": "assets/temporaryfix/textures/entity/skeleton/stray_overlay",
        "taiga": "assets/temporaryfix/textures/entity/skeleton/stray_overlay",

        // My Ass Is Grass
        "armorer": "assets/minecraft/optifine/random/entity/villager/profession/armorer70",
        
        "butcher": "assets/minecraft/optifine/random/entity/villager/profession/butcher70",
        
        "cartographer": "assets/minecraft/textures/entity/villager/profession/cartographer",
        
        "cleric": "assets/minecraft/optifine/random/entity/villager/profession/cleric70",
        
        "farmer": "assets/minecraft/textures/entity/villager/profession/farmer",
        
        "fisherman": "assets/minecraft/textures/entity/villager/profession/fisherman",
        
        "fletcher": "assets/minecraft/textures/entity/villager/profession/fletcher",
        
        "leatherworker": "assets/minecraft/optifine/random/entity/villager/profession/leatherworker70",
        
        "librarian": "assets/minecraft/optifine/random/entity/villager/profession/librarian70",
        
        "shepherd": "assets/minecraft/textures/entity/villager/profession/shepherd",
        
        "tool_smith": "assets/minecraft/optifine/random/entity/villager/profession/toolsmith70",
        
        "weapon_smith": "assets/minecraft/optifine/random/entity/villager/profession/weaponsmith70",
       
        "stonemason": "assets/minecraft/optifine/random/entity/villager/profession/mason70",
        
        "nitwit": "assets/minecraft/optifine/random/entity/villager/profession/nitwit70",
        
        "unskilled": "assets/temporaryfix/textures/entity/skeleton/stray_overlay",

        // Finally
        "level_stone": "assets/minecraft/textures/entity/villager/profession_level/stone",
        "level_iron": "assets/minecraft/textures/entity/villager/profession_level/iron",
        "level_gold": "assets/minecraft/textures/entity/villager/profession_level/gold",
        "level_emerald": "assets/minecraft/textures/entity/villager/profession_level/emerald",
        "level_diamond": "assets/minecraft/textures/entity/villager/profession_level/diamond"
      },
      "geometry": {
        "default": "geometry.villager_v2"
      },
      "scripts": {
        "scale": "0.9375",
        "pre_animation": [
          "variable.num_professions = 15;",
          "variable.num_tiers = 3;",
          "variable.profession_index = (query.variant < variable.num_professions ? query.variant : 0);",
          "variable.level_index = query.trade_tier;",
          "variable.Xvar = (variable.Xvar ?? Math.random(0,999));"
        ]
      },
      "animations": {
        "nugget_big_head": "animation.nugget.big_head",
        "nugget_adult_head": "animation.nugget.adult_head",
        "nugget_no_tits": "animation.nugget.no_tits",
        "nugget_base_pose": "animation.nugget.base_pose",
        "look_at_target_default": "animation.humanoid.look_at_target.default",
        "look_at_target_gliding": "animation.humanoid.look_at_target.gliding",
        "look_at_target_swimming": "animation.humanoid.look_at_target.swimming",
        "move": "animation.villager.move",
        "holding": "animation.nugget.holding",
        "brandish_spear": "animation.nugget.brandish_spear",
        "charging": "animation.nugget.charging",
        "general": "animation.villager.general",
        "bob": "animation.nugget.bob",
        "damage_nearby_mobs": "animation.nugget.damage_nearby_mobs",
        "bow_and_arrow": "animation.nugget.bow_and_arrow",
        "swimming": "animation.nugget.swimming",
        "use_item_progress": "animation.nugget.use_item_progress",
        "get_in_bed": "animation.villager.get_in_bed",
        "riding": "animation.villager.riding"
      },
      "animation_controllers": [
        { "nugget_big_head": "controller.animation.nugget.big_head" },
        { "nugget_adult_head": "controller.animation.nugget.adult_head" },
        { "nugget_no_tits": "controller.animation.nugget.no_tits" },
        { "nugget_base_pose": "controller.animation.nugget.base_pose" },
        { "look_at_target": "controller.animation.humanoid.look_at_target" },
        { "general": "controller.animation.villager_v2.general" },
        { "move": "controller.animation.villager_v2.move" },
        { "riding": "controller.animation.nugget.riding" },
        { "holding": "controller.animation.nugget.holding" },
        { "brandish_spear": "controller.animation.nugget.brandish_spear" },
        { "charging": "controller.animation.nugget.charging" },
        { "bob": "controller.animation.nugget.bob" },
        { "damage_nearby_mobs": "controller.animation.nugget.damage_nearby_mobs" },
        { "bow_and_arrow": "controller.animation.nugget.bow_and_arrow" },
        { "swimming": "controller.animation.nugget.swimming" },
        { "use_item_progress": "controller.animation.nugget.use_item_progress" }
      ],
      "render_controllers": [
        "controller.render.villager_v2_base",
        "controller.render.villager_v2_masked",
        "controller.render.villager_v2_level"
      ],
      "spawn_egg": {
        "texture": "spawn_egg",
        "texture_index": 14
      }
    }
  }
}