{
  "format_version": "1.8.0",
  "minecraft:client_entity": {
    "description": {
      "identifier": "minecraft:wandering_trader",
      "materials": {
        "default": "drowned"
      },
      "textures": {
        "default": "assets/minecraft/textures/entity/wandering_trader",
        "default2": "assets/minecraft/optifine/random/entity/wandering_trader2",
        "default3": "assets/minecraft/optifine/random/entity/wandering_trader3",
        "default4": "assets/minecraft/optifine/random/entity/wandering_trader4",
        "default5": "assets/minecraft/optifine/random/entity/wandering_trader5",
        "default6": "assets/minecraft/optifine/random/entity/wandering_trader6",
        "default7": "assets/minecraft/optifine/random/entity/wandering_trader7",
        "default8": "assets/minecraft/optifine/random/entity/wandering_trader8",
        "default9": "assets/minecraft/optifine/random/entity/wandering_trader9",
        "default10": "assets/minecraft/optifine/random/entity/wandering_trader10",
"default11": "assets/minecraft/optifine/random/entity/wandering_trader11",
"default12": "assets/minecraft/optifine/random/entity/wandering_trader12",
"default13": "assets/minecraft/optifine/random/entity/wandering_trader13",
"default14": "assets/minecraft/optifine/random/entity/wandering_trader14",
"default15": "assets/minecraft/optifine/random/entity/wandering_trader15",
"default16": "assets/minecraft/optifine/random/entity/wandering_trader16",
"default17": "assets/minecraft/optifine/random/entity/wandering_trader17",
"default18": "assets/minecraft/optifine/random/entity/wandering_trader18",
"default19": "assets/minecraft/optifine/random/entity/wandering_trader19",
"default20": "assets/minecraft/optifine/random/entity/wandering_trader20",
"default21": "assets/minecraft/optifine/random/entity/wandering_trader21",
"default22": "assets/minecraft/optifine/random/entity/wandering_trader22",
"default23": "assets/minecraft/optifine/random/entity/wandering_trader23",
"default24": "assets/minecraft/optifine/random/entity/wandering_trader24",
"default25": "assets/minecraft/optifine/random/entity/wandering_trader25",
"default26": "assets/minecraft/optifine/random/entity/wandering_trader26",
"default27": "assets/minecraft/optifine/random/entity/wandering_trader27",
"default28": "assets/minecraft/optifine/random/entity/wandering_trader28",
"default29": "assets/minecraft/optifine/random/entity/wandering_trader29",
"default30": "assets/minecraft/optifine/random/entity/wandering_trader30",
"default31": "assets/minecraft/optifine/random/entity/wandering_trader31",
"default32": "assets/minecraft/optifine/random/entity/wandering_trader32",
"default33": "assets/minecraft/optifine/random/entity/wandering_trader33",
"default34": "assets/minecraft/optifine/random/entity/wandering_trader34",
"default35": "assets/minecraft/optifine/random/entity/wandering_trader35",
"default36": "assets/minecraft/optifine/random/entity/wandering_trader36",
"default37": "assets/minecraft/optifine/random/entity/wandering_trader37",
"default38": "assets/minecraft/optifine/random/entity/wandering_trader38",
"default39": "assets/minecraft/optifine/random/entity/wandering_trader39",
"default40": "assets/minecraft/optifine/random/entity/wandering_trader40",
"default41": "assets/minecraft/optifine/random/entity/wandering_trader41",
"default42": "assets/minecraft/optifine/random/entity/wandering_trader42",
"default43": "assets/minecraft/optifine/random/entity/wandering_trader43",
"default44": "assets/minecraft/optifine/random/entity/wandering_trader44",
"default45": "assets/minecraft/optifine/random/entity/wandering_trader45",
"default46": "assets/minecraft/optifine/random/entity/wandering_trader46",
"default47": "assets/minecraft/optifine/random/entity/wandering_trader47",
"default48": "assets/minecraft/optifine/random/entity/wandering_trader48",
"default49": "assets/minecraft/optifine/random/entity/wandering_trader49",
"default50": "assets/minecraft/optifine/random/entity/wandering_trader50",
"default51": "assets/minecraft/optifine/random/entity/wandering_trader51",
"default52": "assets/minecraft/optifine/random/entity/wandering_trader52",
"default53": "assets/minecraft/optifine/random/entity/wandering_trader53",
"default54": "assets/minecraft/optifine/random/entity/wandering_trader54",
"default55": "assets/minecraft/optifine/random/entity/wandering_trader55",
"default56": "assets/minecraft/optifine/random/entity/wandering_trader56",
"default57": "assets/minecraft/optifine/random/entity/wandering_trader57",
"default58": "assets/minecraft/optifine/random/entity/wandering_trader58",
"default59": "assets/minecraft/optifine/random/entity/wandering_trader59",
"default60": "assets/minecraft/optifine/random/entity/wandering_trader60",
"default61": "assets/minecraft/optifine/random/entity/wandering_trader61",
"default62": "assets/minecraft/optifine/random/entity/wandering_trader62",
"default63": "assets/minecraft/optifine/random/entity/wandering_trader63",
"default64": "assets/minecraft/optifine/random/entity/wandering_trader64",
"default65": "assets/minecraft/optifine/random/entity/wandering_trader65",
"default66": "assets/minecraft/optifine/random/entity/wandering_trader66",
"default67": "assets/minecraft/optifine/random/entity/wandering_trader67",
"default68": "assets/minecraft/optifine/random/entity/wandering_trader68",
"default69": "assets/minecraft/optifine/random/entity/wandering_trader69",
"default70": "assets/minecraft/optifine/random/entity/wandering_trader70"
      },
      "geometry": {
        "default": "geometry.wtrader"
      },
      "scripts": {
        "scale": "0.9375",
        "pre_animation": [
          "variable.Xvar = (variable.Xvar ?? Math.random(0,999));"
        ]
      },
      "animations": {
        "general": "animation.villager.general",
        "look_at_target": "animation.common.look_at_target",
        "raise_arms": "animation.humanoid.riding.arms",
        "move": "animation.villager.move",
        "riding": "animation.villager.riding"
      },
      "animation_controllers": [
        { "general": "controller.animation.villager.general" },
        { "raise_arms": "controller.animation.villager_v2.raise_arms"},
        { "move": "controller.animation.villager.move" },
        { "riding": "controller.animation.nugget.riding" }
      ],
      "render_controllers": [ "controller.render.wandering_trader" ],
      "spawn_egg": {
        "texture": "spawn_egg_wandering_trader"
      }
    }
  }
}