{
  "format_version": "1.8.0",
  "minecraft:client_entity": {
    "description": {
      "identifier": "minecraft:witch",
      "min_engine_version": "1.8.0",
      "materials": {
        "default": "drowned"
      },
      "textures": {
        "default": "assets/minecraft/textures/entity/witch",
        "default2": "assets/minecraft/optifine/random/entity/witch2"
      },
      "geometry": {
        "default": "geometry.villager.witch"
      },
      "scripts": {
        "scale": "0.9375",
        "pre_animation": [
          "variable.Xvar = (variable.Xvar ?? Math.random(0,999));"
        ]
      },
      "animations": {
        "riding": "animation.cow.riding",
        "vindicator_base": "animation.vindicator.base",
        "look_at_target": "animation.common.look_at_target",
        "vindicator_walk": "animation.vindicator.walk"
      },
      "animation_controllers": [
        { "vindicator_base": "controller.animation.vindicator.base.v1.0" },
        { "riding": "controller.animation.nugget.riding" }
      ],
      "render_controllers": [ "controller.render.witch" ],
      "spawn_egg": {
        "texture": "spawn_egg",
        "texture_index": 17
      }
    }
  }
}