{
  "format_version": "1.8.0",
  "minecraft:client_entity": {
    "description": {
      "identifier": "minecraft:witch",
      "materials": {
        "default": "drowned"
      },
      "textures": {
        "default": "assets/minecraft/textures/entity/witch",
        "default2": "assets/minecraft/optifine/random/entity/witch2"
      },
      "geometry": {
        "default": "geometry.villager.witch"
      },
      "scripts": {
        "scale": "0.9375",
        "pre_animation": [
          "variable.Xvar = (variable.Xvar ?? Math.random(0,999));"
        ]
      },
      "animations": {
        "general": "animation.villager.general",
        "look_at_target": "animation.common.look_at_target",
        "raise_arms": "animation.humanoid.riding.arms",
        "move": "animation.villager.move",
        "riding": "animation.cow.riding"
      },
      "animation_controllers": [
        { "general": "controller.animation.villager.general" },
        { "raise_arms": "controller.animation.villager_v2.raise_arms"},
        { "move": "controller.animation.villager.move" },
        { "riding": "controller.animation.nugget.riding" }
      ],
      "render_controllers": [ "controller.render.witch.v1.0" ],
      "spawn_egg": {
        "texture": "spawn_egg",
        "texture_index": 17
      }
    }
  }
}