{
  "format_version": "1.8.0",
  "minecraft:client_entity": {
    "description": {
      "identifier": "minecraft:zombie",
      "materials": { "default": "drowned" },
      "textures": { "default": "assets/minecraft/textures/entity/zombie/zombie", "default2": "assets/minecraft/optifine/random/entity/zombie/zombie2", "snow": "assets/minecraft/optifine/random/entity/zombie/zombie3", "snow2": "assets/minecraft/optifine/random/entity/zombie/zombie4"},
      "geometry": { "default": "geometry.zombie" },
      "scripts": {
        "pre_animation": [
          "variable.tcos0 = (Math.cos(query.modified_distance_moved * 38.17) * query.modified_move_speed / variable.gliding_speed_value) * 57.3;",
          "variable.Xvar = (variable.Xvar ?? Math.random(0,999));"
        ]
      },
      "animations": {
        "nugget_big_head": "animation.nugget.big_head",
        "nugget_adult_head": "animation.nugget.adult_head",
        "nugget_no_tits": "animation.nugget.no_tits",
        "nugget_base_pose": "animation.nugget.base_pose.v1.0",
        "look_at_target_default": "animation.humanoid.look_at_target.default.v1.0",
        "look_at_target_gliding": "animation.humanoid.look_at_target.gliding.v1.0",
        "look_at_target_swimming": "animation.humanoid.look_at_target.swimming.v1.0",
        "move": "animation.nugget.move.v1.0",
        "riding.arms": "animation.nugget.riding.arms.v1.0",
        "riding.legs": "animation.nugget.riding.legs.v1.0",
        "holding": "animation.nugget.holding.v1.0",
        "brandish_spear": "animation.nugget.brandish_spear.v1.0",
        "charging": "animation.nugget.charging.v1.0",
        "attack.rotations": "animation.nugget.attack.rotations.v1.0",
        "sneaking": "animation.nugget.sneaking.v1.0",
        "bob": "animation.nugget.bob.v1.0",
        "damage_nearby_mobs": "animation.nugget.damage_nearby_mobs.v1.0",
        "bow_and_arrow": "animation.nugget.bow_and_arrow.v1.0",
        "swimming": "animation.nugget.swimming.v1.0",
        "use_item_progress": "animation.nugget.use_item_progress.v1.0",
        "zombie_attack_bare_hand": "animation.zombie.attack_bare_hand",
        "zombie_swimming": "animation.zombie.swimming"
      },
      "animation_controllers": [
        { "nugget_big_head": "controller.animation.nugget.big_head" },
        { "nugget_adult_head": "controller.animation.nugget.adult_head" },
        { "nugget_no_tits": "controller.animation.nugget.no_tits" },
        { "nugget_base_pose": "controller.animation.nugget.base_pose" },
        { "look_at_target": "controller.animation.humanoid.look_at_target" },
        { "move": "controller.animation.nugget.move" },
        { "riding": "controller.animation.nugget.riding" },
        { "holding": "controller.animation.nugget.holding" },
        { "brandish_spear": "controller.animation.nugget.brandish_spear" },
        { "charging": "controller.animation.nugget.charging" },
        { "attack": "controller.animation.nugget.attack" },
        { "sneaking": "controller.animation.nugget.sneaking" },
        { "bob": "controller.animation.nugget.bob" },
        { "damage_nearby_mobs": "controller.animation.nugget.damage_nearby_mobs" },
        { "bow_and_arrow": "controller.animation.nugget.bow_and_arrow" },
        { "swimming": "controller.animation.nugget.swimming" },
        { "use_item_progress": "controller.animation.nugget.use_item_progress" },
        { "zombie_attack_bare_hand": "controller.animation.zombie.attack_bare_hand" },
        { "zombie_swimming": "controller.animation.zombie.swimming" }
      ],
      "render_controllers": [ "controller.render.zombie" ],
      "enable_attachables": true,
      "spawn_egg": {
        "texture": "spawn_egg",
        "texture_index": 12
      }
    }
  }
}
