{
  "format_version": "1.8.0",
  "minecraft:client_entity": {
    "description": {
      "identifier": "minecraft:zombie_villager_v2",
      "materials": {
        "default": "drowned",
        "masked": "zombie_villager_v2_masked"
      },
      "textures": {
        // "I fucking hate this" - KatyushaNugget
        "default": "assets/temporaryfix/textures/entity/zombie_villager/zombie_villager",
        "default2": "assets/temporaryfix/optifine/random/entity/zombie_villager/zombie_villager2",
        "default3": "assets/temporaryfix/optifine/random/entity/zombie_villager/zombie_villager3",
        "default4": "assets/temporaryfix/optifine/random/entity/zombie_villager/zombie_villager4",
        "default5": "assets/temporaryfix/optifine/random/entity/zombie_villager/zombie_villager5",
        "default6": "assets/temporaryfix/optifine/random/entity/zombie_villager/zombie_villager6",
        "default7": "assets/temporaryfix/optifine/random/entity/zombie_villager/zombie_villager7",
        "default8": "assets/temporaryfix/optifine/random/entity/zombie_villager/zombie_villager8",
        "default9": "assets/temporaryfix/optifine/random/entity/zombie_villager/zombie_villager9",
        "default10": "assets/temporaryfix/optifine/random/entity/zombie_villager/zombie_villager10",
"default11": "assets/temporaryfix/optifine/random/entity/zombie_villager/zombie_villager11",
"default12": "assets/temporaryfix/optifine/random/entity/zombie_villager/zombie_villager12",
"default13": "assets/temporaryfix/optifine/random/entity/zombie_villager/zombie_villager13",
"default14": "assets/temporaryfix/optifine/random/entity/zombie_villager/zombie_villager14",
"default15": "assets/temporaryfix/optifine/random/entity/zombie_villager/zombie_villager15",
"default16": "assets/temporaryfix/optifine/random/entity/zombie_villager/zombie_villager16",
"default17": "assets/temporaryfix/optifine/random/entity/zombie_villager/zombie_villager17",
"default18": "assets/temporaryfix/optifine/random/entity/zombie_villager/zombie_villager18",
"default19": "assets/temporaryfix/optifine/random/entity/zombie_villager/zombie_villager19",
"default20": "assets/temporaryfix/optifine/random/entity/zombie_villager/zombie_villager20",
"default21": "assets/temporaryfix/optifine/random/entity/zombie_villager/zombie_villager21",
"default22": "assets/temporaryfix/optifine/random/entity/zombie_villager/zombie_villager22",
"default23": "assets/temporaryfix/optifine/random/entity/zombie_villager/zombie_villager23",
"default24": "assets/temporaryfix/optifine/random/entity/zombie_villager/zombie_villager24",
"default25": "assets/temporaryfix/optifine/random/entity/zombie_villager/zombie_villager25",
"default26": "assets/temporaryfix/optifine/random/entity/zombie_villager/zombie_villager26",
"default27": "assets/temporaryfix/optifine/random/entity/zombie_villager/zombie_villager27",
"default28": "assets/temporaryfix/optifine/random/entity/zombie_villager/zombie_villager28",
"default29": "assets/temporaryfix/optifine/random/entity/zombie_villager/zombie_villager29",
"default30": "assets/temporaryfix/optifine/random/entity/zombie_villager/zombie_villager30",
"default31": "assets/temporaryfix/optifine/random/entity/zombie_villager/zombie_villager31",
"default32": "assets/temporaryfix/optifine/random/entity/zombie_villager/zombie_villager32",
"default33": "assets/temporaryfix/optifine/random/entity/zombie_villager/zombie_villager33",
"default34": "assets/temporaryfix/optifine/random/entity/zombie_villager/zombie_villager34",
"default35": "assets/temporaryfix/optifine/random/entity/zombie_villager/zombie_villager35",
"default36": "assets/temporaryfix/optifine/random/entity/zombie_villager/zombie_villager36",
"default37": "assets/temporaryfix/optifine/random/entity/zombie_villager/zombie_villager37",
"default38": "assets/temporaryfix/optifine/random/entity/zombie_villager/zombie_villager38",
"default39": "assets/temporaryfix/optifine/random/entity/zombie_villager/zombie_villager39",
"default40": "assets/temporaryfix/optifine/random/entity/zombie_villager/zombie_villager40",
"default41": "assets/temporaryfix/optifine/random/entity/zombie_villager/zombie_villager41",
"default42": "assets/temporaryfix/optifine/random/entity/zombie_villager/zombie_villager42",
"default43": "assets/temporaryfix/optifine/random/entity/zombie_villager/zombie_villager43",
"default44": "assets/temporaryfix/optifine/random/entity/zombie_villager/zombie_villager44",
"default45": "assets/temporaryfix/optifine/random/entity/zombie_villager/zombie_villager45",
"default46": "assets/temporaryfix/optifine/random/entity/zombie_villager/zombie_villager46",
"default47": "assets/temporaryfix/optifine/random/entity/zombie_villager/zombie_villager47",
"default48": "assets/temporaryfix/optifine/random/entity/zombie_villager/zombie_villager48",
"default49": "assets/temporaryfix/optifine/random/entity/zombie_villager/zombie_villager49",
"default50": "assets/temporaryfix/optifine/random/entity/zombie_villager/zombie_villager50",
"default51": "assets/temporaryfix/optifine/random/entity/zombie_villager/zombie_villager51",
"default52": "assets/temporaryfix/optifine/random/entity/zombie_villager/zombie_villager52",
"default53": "assets/temporaryfix/optifine/random/entity/zombie_villager/zombie_villager53",
"default54": "assets/temporaryfix/optifine/random/entity/zombie_villager/zombie_villager54",
"default55": "assets/temporaryfix/optifine/random/entity/zombie_villager/zombie_villager55",
"default56": "assets/temporaryfix/optifine/random/entity/zombie_villager/zombie_villager56",
"default57": "assets/temporaryfix/optifine/random/entity/zombie_villager/zombie_villager57",
"default58": "assets/temporaryfix/optifine/random/entity/zombie_villager/zombie_villager58",
"default59": "assets/temporaryfix/optifine/random/entity/zombie_villager/zombie_villager59",
"default60": "assets/temporaryfix/optifine/random/entity/zombie_villager/zombie_villager60",
"default61": "assets/temporaryfix/optifine/random/entity/zombie_villager/zombie_villager61",
"default62": "assets/temporaryfix/optifine/random/entity/zombie_villager/zombie_villager62",
"default63": "assets/temporaryfix/optifine/random/entity/zombie_villager/zombie_villager63",
"default64": "assets/temporaryfix/optifine/random/entity/zombie_villager/zombie_villager64",
"default65": "assets/temporaryfix/optifine/random/entity/zombie_villager/zombie_villager65",
"default66": "assets/temporaryfix/optifine/random/entity/zombie_villager/zombie_villager66",
"default67": "assets/temporaryfix/optifine/random/entity/zombie_villager/zombie_villager67",
"default68": "assets/temporaryfix/optifine/random/entity/zombie_villager/zombie_villager68",
"default69": "assets/temporaryfix/optifine/random/entity/zombie_villager/zombie_villager69",
"default70": "assets/temporaryfix/optifine/random/entity/zombie_villager/zombie_villager70",

        // I dont fucking code, but im too broke to pay a bedrockologist
        "desert": "assets/minecraft/textures/entity/skeleton/stray_overlay",
        "jungle": "assets/minecraft/textures/entity/skeleton/stray_overlay",
        "plains": "assets/minecraft/textures/entity/skeleton/stray_overlay",
        "savanna": "assets/minecraft/textures/entity/skeleton/stray_overlay",
        "snow": "assets/minecraft/textures/entity/skeleton/stray_overlay",
        "swamp": "assets/minecraft/textures/entity/skeleton/stray_overlay",
        "taiga": "assets/minecraft/textures/entity/skeleton/stray_overlay",
        // My Ass Is Grass
        "armorer": "assets/minecraft/optifine/random/entity/zombie_villager/profession/armorer70",
        
        "butcher": "assets/minecraft/optifine/random/entity/zombie_villager/profession/butcher70",
        
        "cartographer": "assets/minecraft/textures/entity/zombie_villager/profession/cartographer",
        
        "cleric": "assets/minecraft/optifine/random/entity/zombie_villager/profession/cleric70",
        
        "farmer": "assets/minecraft/textures/entity/zombie_villager/profession/farmer",
        
        "fisherman": "assets/minecraft/textures/entity/zombie_villager/profession/fisherman",
        
        "fletcher": "assets/minecraft/textures/entity/zombie_villager/profession/fletcher",
        
        "leatherworker": "assets/minecraft/optifine/random/entity/zombie_villager/profession/leatherworker70",
        
        "librarian": "assets/minecraft/optifine/random/entity/zombie_villager/profession/librarian70",
        
        "shepherd": "assets/minecraft/textures/entity/zombie_villager/profession/shepherd",
        
        "tool_smith": "assets/minecraft/optifine/random/entity/zombie_villager/profession/toolsmith70",
        
        "weapon_smith": "assets/minecraft/optifine/random/entity/zombie_villager/profession/weaponsmith70",
        
        "stonemason": "assets/minecraft/optifine/random/entity/zombie_villager/profession/mason70",
        
        "nitwit": "assets/minecraft/optifine/random/entity/zombie_villager/profession/nitwit70"

      },
      "geometry": {
        "default": "geometry.zombie.villager_v2"
      },
      "scripts": {
        "pre_animation": [
          "variable.num_professions = 14;",
          "variable.profession_index = ((query.variant < variable.num_professions) ? query.variant : 0);",
          "variable.tcos0 = (Math.cos(query.modified_distance_moved * 38.17) * query.modified_move_speed / variable.gliding_speed_value) * 57.3;",
          "variable.Xvar = (variable.Xvar ?? Math.random(0,999));"
        ]
      },
      "animations": {
        "nugget_big_head": "animation.nugget.big_head",
        "nugget_adult_head": "animation.nugget.adult_head",
        "nugget_no_tits": "animation.nugget.no_tits",
        "nugget_base_pose": "animation.nugget.base_pose",
        "look_at_target_default": "animation.humanoid.look_at_target.default",
        "look_at_target_gliding": "animation.humanoid.look_at_target.gliding",
        "look_at_target_swimming": "animation.humanoid.look_at_target.swimming",
        "move": "animation.nugget.move",
        "riding.arms": "animation.nugget.riding.arms",
        "riding.legs": "animation.nugget.riding.legs",
        "holding": "animation.nugget.holding",
        "brandish_spear": "animation.nugget.brandish_spear",
        "charging": "animation.nugget.charging",
        "attack.rotations": "animation.nugget.attack.rotations",
        "sneaking": "animation.nugget.sneaking",
        "bob": "animation.nugget.bob",
        "damage_nearby_mobs": "animation.nugget.damage_nearby_mobs",
        "bow_and_arrow": "animation.nugget.bow_and_arrow",
        "use_item_progress": "animation.nugget.use_item_progress",
        "zombie_attack_bare_hand": "animation.zombie.attack_bare_hand",
        "swimming": "animation.zombie.swimming"
      },
      "animation_controllers": [
        { "nugget_big_head": "controller.animation.nugget.big_head" },
        { "nugget_adult_head": "controller.animation.nugget.adult_head" },
        { "nugget_no_tits": "controller.animation.nugget.no_tits" },
        { "nugget_base_pose": "controller.animation.nugget.base_pose" },
        { "look_at_target": "controller.animation.humanoid.look_at_target" },
        { "move": "controller.animation.nugget.move" },
        { "riding": "controller.animation.nugget.riding" },
        { "holding": "controller.animation.nugget.holding" },
        { "brandish_spear": "controller.animation.nugget.brandish_spear" },
        { "charging": "controller.animation.nugget.charging" },
        { "attack": "controller.animation.nugget.attack" },
        { "sneaking": "controller.animation.nugget.sneaking" },
        { "bob": "controller.animation.nugget.bob" },
        { "damage_nearby_mobs": "controller.animation.nugget.damage_nearby_mobs" },
        { "bow_and_arrow": "controller.animation.nugget.bow_and_arrow" },
        { "use_item_progress": "controller.animation.nugget.use_item_progress" },
        { "zombie_attack_bare_hand": "controller.animation.zombie.attack_bare_hand" },
        { "swimming": "controller.animation.zombie.swimming" }
      ],
      "render_controllers": [
        "controller.render.zombie_villager_v2_base",
        "controller.render.zombie_villager_v2_masked"
      ],
      "enable_attachables": true,
      "spawn_egg": {
        "texture": "spawn_egg",
        "texture_index": 42
      }
    }
  }
}