{
	"format_version": "1.10.0",
	"geometry.cmm.evoker": {
		"texturewidth": 128,
		"textureheight": 128,
		"visible_bounds_width": 3,
		"visible_bounds_height": 3,
		"visible_bounds_offset": [0, 1.5, 0],
		"bones": [
			{
				"name": "root",
				"pivot": [0, 0, 0]
			},
			{
				"name": "Head",
				"parent": "root",
				"pivot": [0, 24, 0],
				"cubes": [
					{"origin": [-4, 24, -4], "size": [8, 8, 8], "uv": [0, 0]},
					{"origin": [-4, 24, -4], "size": [8, 8, 8], "uv": [32, 0], "inflate": 0.5}
				]
			},
			{
				"name": "RightArm",
				"parent": "root",
				"pivot": [-5, 22, 0],
				"cubes": [
					{"origin": [-7, 12, -2], "size": [3, 12, 4], "uv": [24, 64]},
					{"origin": [-7, 12, -2], "size": [3, 12, 4], "uv": [24, 80], "inflate": 0.25},
					{"origin": [-8, 12, -2], "size": [4, 12, 4], "uv": [40, 16]},
					{"origin": [-8, 12, -2], "size": [4, 12, 4], "uv": [40, 32], "inflate": 0.25}
				],
				"locators": {
					"right_hand": [-6, 12, 0]
				}
			},
			{
				"name": "rightItem",
				"parent": "RightArm",
				"pivot": [-5.5, 15, 1]
			},
			{
				"name": "LeftArm",
				"parent": "root",
				"pivot": [5, 22, 0],
				"cubes": [
					{"origin": [4, 12, -2], "size": [3, 12, 4], "uv": [38, 64]},
					{"origin": [4, 12, -2], "size": [3, 12, 4], "uv": [38, 80], "inflate": 0.25},
					{"origin": [4, 12, -2], "size": [4, 12, 4], "uv": [48, 48], "inflate": 0.25},
					{"origin": [4, 12, -2], "size": [4, 12, 4], "uv": [32, 48]}
				],
				"locators": {
					"left_hand": [6, 12, 0]
				}
			},
			{
				"name": "leftItem",
				"parent": "LeftArm",
				"pivot": [5.5, 15, 1]
			},
			{
				"name": "Body",
				"parent": "root",
				"pivot": [0, 24, 0],
				"cubes": [
					{"origin": [-4, 12, -2], "size": [8, 12, 4], "uv": [16, 16]},
					{"origin": [-4, 12, -2], "size": [8, 12, 4], "uv": [16, 32], "inflate": 0.28}
				]
			},
			{
				"name": "RightLeg",
				"parent": "root",
				"pivot": [-2, 12, 0],
				"cubes": [
					{"origin": [-4, 0, -2], "size": [4, 12, 4], "uv": [0, 32], "inflate": 0.25},
					{"origin": [-4, 0, -2], "size": [4, 12, 4], "uv": [0, 16]}
				]
			},
			{
				"name": "LeftLeg",
				"parent": "root",
				"pivot": [2, 12, 0],
				"cubes": [
					{"origin": [0, 0, -2], "size": [4, 12, 4], "uv": [0, 48], "inflate": 0.25},
					{"origin": [0, 0, -2], "size": [4, 12, 4], "uv": [16, 48]}
				]
			}
		]
	}
}