{
	"format_version": "1.10.0",
	"geometry.irongolem": {
		"texturewidth": 512,
		"textureheight": 512,
		"visible_bounds_width": 5,
		"visible_bounds_height": 24,
		"visible_bounds_offset": [0, -7, 0],
		"bones": [
			{
				"name": "root",
				"pivot": [0, 25, 0]
			},
			{
				"name": "irongolemchan",
				"parent": "root",
				"pivot": [0, 0, 0]
			},
			{
				"name": "body2",
				"parent": "irongolemchan",
				"pivot": [0, 24, 0],
				"cubes": [
					{"origin": [-4, 12, -2], "size": [8, 12, 4], "uv": [400, 16]},
					{"origin": [-4, 12, -2], "size": [8, 12, 4], "uv": [400, 32], "inflate": 0.25}
				]
			},
			{
				"name": "unarmed",
				"parent": "body2",
				"pivot": [0, 0, 0]
			},
			{
				"name": "gun2",
				"parent": "unarmed",
				"pivot": [-3.5, 19, 3],
				"rotation": [0, -90, 45]
			},
			{
				"name": "dragunov5",
				"parent": "gun2",
				"pivot": [-3.5, 23, -5],
				"cubes": [
					{"origin": [-4, 19.85, -5], "size": [1, 2, 11], "uv": [448, 480]},
					{"origin": [-4, 23.85, -5], "size": [1, 1, 10], "uv": [458, 499]},
					{"origin": [-4, 21.85, -5], "size": [1, 2, 1], "uv": [476, 506]},
					{"origin": [-4, 21.85, 4], "size": [1, 2, 1], "uv": [476, 506]},
					{"origin": [-4, 18.85, 9], "size": [1, 3, 4], "uv": [463, 482]},
					{"origin": [-3.5, 17.85, 0], "size": [0, 2, 2], "uv": [448, 501]},
					{"origin": [-4, 14.85, 6], "size": [1, 7, 3], "uv": [448, 480]},
					{"origin": [-4, 15.85, 2], "size": [1, 4, 2], "uv": [448, 493]},
					{"origin": [-4, 15.85, -1], "size": [1, 0, 3], "uv": [445, 509]},
					{"origin": [-4, 15.85, -1], "size": [1, 4, 0], "uv": [448, 508]},
					{"origin": [-4, 20.85, -9], "size": [1, 1, 4], "uv": [457, 493]}
				]
			},
			{
				"name": "dragunov6",
				"parent": "gun2",
				"pivot": [-3.5, 23, -5],
				"cubes": [
					{"origin": [-4, 19.85, -3], "size": [1, 3, 7], "uv": [484, 483]},
					{"origin": [-4.5, 20.85, -10], "size": [2, 2, 7], "uv": [481, 503]},
					{"origin": [-3.5, 22.35, -11], "size": [0, 2, 2], "uv": [481, 503]},
					{"origin": [-4, 22.85, -3], "size": [1, 1, 1], "uv": [501, 484]},
					{"origin": [-4, 23.85, -3], "size": [1, 1, 7], "uv": [480, 493]},
					{"origin": [-4, 21.35, -13], "size": [1, 1, 3], "uv": [489, 493]},
					{"origin": [-4, 22.85, 2], "size": [1, 1, 2], "uv": [506, 483]},
					{"origin": [-4, 20.85, 4], "size": [1, 2, 6], "uv": [493, 480]},
					{"origin": [-3.5, 17.85, 4], "size": [0, 3, 5], "uv": [502, 475]},
					{"origin": [-4, 17.85, 9], "size": [1, 3, 1], "uv": [493, 480]},
					{"origin": [-3.5, 17.85, 0], "size": [0, 2, 2], "uv": [480, 486]},
					{"origin": [-4, 14.85, -3], "size": [1, 5, 3], "uv": [480, 480]},
					{"origin": [-4, 16.85, 2], "size": [1, 3, 2], "uv": [480, 493]}
				]
			},
			{
				"name": "dragunov7",
				"parent": "gun2",
				"pivot": [-3.5, 23, -5],
				"cubes": [
					{"origin": [-4, 20.85, -9], "size": [1, 2, 11], "uv": [416, 480]},
					{"origin": [-4, 19.85, 4], "size": [1, 2, 6], "uv": [429, 480]},
					{"origin": [-4, 21.85, 4], "size": [1, 1, 3], "uv": [439, 481]},
					{"origin": [-4, 19.85, 2], "size": [1, 3, 2], "uv": [442, 487]},
					{"origin": [-4, 19.85, -3], "size": [1, 1, 5], "uv": [435, 489]},
					{"origin": [-4, 16.85, 8], "size": [1, 3, 2], "uv": [429, 480]},
					{"origin": [-3.5, 22.85, -9], "size": [0, 1, 1], "uv": [422, 481]},
					{"origin": [-3.5, 22.85, 3], "size": [0, 1, 1], "uv": [422, 481]},
					{"origin": [-3.5, 17.85, 0], "size": [0, 2, 2], "uv": [416, 486]},
					{"origin": [-4, 14.85, -3], "size": [1, 5, 3], "uv": [416, 480]},
					{"origin": [-4, 16.85, 2], "size": [1, 3, 2], "uv": [416, 493]},
					{"origin": [-4, 20.85, -13], "size": [1, 1, 4], "uv": [425, 493]}
				]
			},
			{
				"name": "dragunov8",
				"parent": "gun2",
				"pivot": [-3.5, 23, -5],
				"cubes": [
					{"origin": [-4, 19.85, -2], "size": [1, 3, 6], "uv": [389, 485]},
					{"origin": [-4, 19.85, -4], "size": [1, 1, 2], "uv": [406, 493]},
					{"origin": [-4, 19.85, 4], "size": [1, 2, 6], "uv": [397, 480]},
					{"origin": [-4, 17.85, 6], "size": [1, 2, 4], "uv": [406, 480]},
					{"origin": [-3.5, 22.85, -2], "size": [0, 1, 2], "uv": [389, 480]},
					{"origin": [-3.5, 17.85, 0], "size": [0, 2, 2], "uv": [384, 486]},
					{"origin": [-4, 16.85, 2], "size": [1, 3, 2], "uv": [384, 493]},
					{"origin": [-4, 17.85, 4], "size": [1, 1, 2], "uv": [385, 481]},
					{"origin": [-4, 17.85, -2], "size": [1, 2, 2], "uv": [384, 493]}
				]
			},
			{
				"name": "dragunov10",
				"parent": "gun2",
				"pivot": [-3.5, 23, -5],
				"cubes": [
					{"origin": [-4, 19.85, -8], "size": [1, 1, 12], "uv": [464, 434]},
					{"origin": [-4, 17.85, 4], "size": [1, 3, 6], "uv": [464, 416]},
					{"origin": [-3.5, 19.85, -11], "size": [0, 1, 3], "uv": [464, 418.00001]},
					{"origin": [-3.5, 21.85, -13], "size": [0, 1, 2], "uv": [464, 416]},
					{"origin": [-3.5, 17.85, 1], "size": [0, 2, 3], "uv": [464, 416]},
					{"origin": [-4, 16.85, -3], "size": [1, 3, 4], "uv": [464, 425]},
					{"origin": [-4, 20.85, -13], "size": [1, 1, 17], "uv": [464, 416]}
				]
			},
			{
				"name": "shield2",
				"parent": "unarmed",
				"pivot": [0, 19, 0],
				"rotation": [0, 180, 0],
				"cubes": [
					{"origin": [-6, 2, -4], "size": [12, 22, 1], "uv": [470, 393]}
				]
			},
			{
				"name": "speear2",
				"parent": "unarmed",
				"pivot": [7, 4, 2],
				"rotation": [0, 90, -29.99996],
				"cubes": [
					{"origin": [6, 4, 2], "size": [1, 28, 1], "uv": [508, 370]},
					{"origin": [6.5, 26, 0], "size": [0, 12, 3], "uv": [502, 378], "inflate": 0.05}
				]
			},
			{
				"name": "arm_walk",
				"parent": "body2",
				"pivot": [0, 0, 0]
			},
			{
				"name": "leftarm",
				"parent": "arm_walk",
				"pivot": [5, 22, 0],
				"cubes": [
					{"origin": [4, 12, -2], "size": [3, 12, 4], "uv": [422, 80], "inflate": 0.25},
					{"origin": [4, 12, -2], "size": [3, 12, 4], "uv": [422, 64]},
					{"origin": [4, 12, -2], "size": [4, 12, 4], "uv": [432, 48], "inflate": 0.25},
					{"origin": [4, 12, -2], "size": [4, 12, 4], "uv": [416, 48]}
				]
			},
			{
				"name": "sword2",
				"parent": "leftarm",
				"pivot": [6, 12.3, 3],
				"rotation": [-45, 0, -180]
			},
			{
				"name": "rightarm",
				"parent": "arm_walk",
				"pivot": [-5, 22, 0],
				"cubes": [
					{"origin": [-7, 12, -2], "size": [3, 12, 4], "uv": [408, 64]},
					{"origin": [-7, 12, -2], "size": [3, 12, 4], "uv": [408, 80], "inflate": 0.25},
					{"origin": [-8, 12, -2], "size": [4, 12, 4], "uv": [424, 16]},
					{"origin": [-8, 12, -2], "size": [4, 12, 4], "uv": [424, 32], "inflate": 0.25}
				]
			},
			{
				"name": "golemroseplayer",
				"parent": "rightarm",
				"pivot": [1, 0, 0]
			},
			{
				"name": "rose_not_poppy",
				"parent": "golemroseplayer",
				"pivot": [1, 0, 0],
				"rotation": [90, 0, 0],
				"cubes": [
					{"origin": [-8, 2, 13], "size": [7, 11, 1], "uv": [384, 128]}
				]
			},
			{
				"name": "bone2",
				"parent": "rose_not_poppy",
				"pivot": [-4.5, 3, 16.5],
				"rotation": [0, 90, 0],
				"cubes": [
					{"origin": [-4.5, 2, 16.5], "size": [7, 11, 1], "uv": [384, 128]}
				]
			},
			{
				"name": "palastayshone5",
				"parent": "golemroseplayer",
				"pivot": [-4.5, 14, 3],
				"rotation": [90, 0, 90],
				"cubes": [
					{"origin": [-4.5, 14, 2], "size": [7, 8, 2], "uv": [384, 140]},
					{"origin": [-4.5, 14, 2], "size": [7, 8, 2], "uv": [402, 140], "inflate": 0.25}
				]
			},
			{
				"name": "ekesbokesseris",
				"parent": "golemroseplayer",
				"pivot": [-4, 11, 0],
				"cubes": [
					{"origin": [-7, 8, -8], "size": [6, 6, 8], "uv": [384, 150]},
					{"origin": [-7, 8, -8], "size": [6, 6, 8], "uv": [384, 164], "inflate": 0.25}
				]
			},
			{
				"name": "nendoswetch",
				"parent": "golemroseplayer",
				"pivot": [-4, 14, -2],
				"rotation": [80, 0, 0],
				"cubes": [
					{"origin": [-5, 12, -12], "size": [1, 4, 10], "uv": [384, 178]}
				]
			},
			{
				"name": "nividia_gt20040",
				"parent": "golemroseplayer",
				"pivot": [-3, 14, -3],
				"rotation": [80, 0, 0],
				"cubes": [
					{"origin": [-5, 11, -17], "size": [3, 5, 14], "uv": [384, 192]},
					{"origin": [-5, 6, -16], "size": [1, 5, 8], "uv": [404, 193]}
				]
			},
			{
				"name": "aquaflask_more_like_aquasucks",
				"parent": "golemroseplayer",
				"pivot": [-4, 13, 1],
				"rotation": [90, 0, 0],
				"cubes": [
					{"origin": [-5, 13, -1], "size": [3, 10, 3], "uv": [412, 150]}
				]
			},
			{
				"name": "he_gon_shoot_em_villakids",
				"parent": "golemroseplayer",
				"pivot": [-4, 14, -1],
				"rotation": [90, 0, 0],
				"cubes": [
					{"origin": [-5, 14, -9], "size": [2, 3, 8], "uv": [400, 129]},
					{"origin": [-4.5, 15.5, -9.5], "size": [1, 1, 1], "uv": [412, 135]}
				]
			},
			{
				"name": "speear",
				"parent": "rightarm",
				"pivot": [-5, 13, 12],
				"rotation": [87.5, 0, 0],
				"cubes": [
					{"origin": [-6, 13, 12], "size": [1, 28, 1], "uv": [508, 370]},
					{"origin": [-5.5, 35, 10], "size": [0, 12, 3], "uv": [502, 378], "inflate": 0.05}
				]
			},
			{
				"name": "arm_armed",
				"parent": "body2",
				"pivot": [0, 22, 0]
			},
			{
				"name": "leftarm2",
				"parent": "arm_armed",
				"pivot": [5, 22, 0],
				"cubes": [
					{"origin": [4, 12, -2], "size": [3, 12, 4], "uv": [422, 336], "inflate": 0.25},
					{"origin": [4, 12, -2], "size": [3, 12, 4], "uv": [422, 320]},
					{"origin": [4, 12, -2], "size": [4, 12, 4], "uv": [432, 304], "inflate": 0.25},
					{"origin": [4, 12, -2], "size": [4, 12, 4], "uv": [416, 304]}
				]
			},
			{
				"name": "rightarm2",
				"parent": "arm_armed",
				"pivot": [-5, 22, 0],
				"cubes": [
					{"origin": [-7, 12, -2], "size": [3, 12, 4], "uv": [408, 320]},
					{"origin": [-7, 12, -2], "size": [3, 12, 4], "uv": [408, 336], "inflate": 0.25},
					{"origin": [-8, 12, -2], "size": [4, 12, 4], "uv": [424, 272]},
					{"origin": [-8, 12, -2], "size": [4, 12, 4], "uv": [424, 288], "inflate": 0.25}
				]
			},
			{
				"name": "gun",
				"parent": "rightarm2",
				"pivot": [-5.5, 0, -1],
				"rotation": [90, 0, 0]
			},
			{
				"name": "dragunov",
				"parent": "gun",
				"pivot": [-5.5, 4, 5],
				"cubes": [
					{"origin": [-6, 0.85, 5], "size": [1, 2, 11], "uv": [448, 480]},
					{"origin": [-6, 4.85, 5], "size": [1, 1, 10], "uv": [458, 499]},
					{"origin": [-6, 2.85, 5], "size": [1, 2, 1], "uv": [476, 506]},
					{"origin": [-6, 2.85, 14], "size": [1, 2, 1], "uv": [476, 506]},
					{"origin": [-6, -0.15, 19], "size": [1, 3, 4], "uv": [463, 482]},
					{"origin": [-5.5, -1.15, 10], "size": [0, 2, 2], "uv": [448, 501]},
					{"origin": [-6, -4.15, 16], "size": [1, 7, 3], "uv": [448, 480]},
					{"origin": [-6, -3.15, 12], "size": [1, 4, 2], "uv": [448, 493]},
					{"origin": [-6, -3.15, 9], "size": [1, 0, 3], "uv": [445, 509]},
					{"origin": [-6, -3.15, 9], "size": [1, 4, 0], "uv": [448, 508]},
					{"origin": [-6, 1.85, 1], "size": [1, 1, 4], "uv": [457, 493]}
				]
			},
			{
				"name": "dragunov2",
				"parent": "gun",
				"pivot": [-5.5, 4, 5],
				"cubes": [
					{"origin": [-6, 0.85, 7], "size": [1, 3, 7], "uv": [484, 483]},
					{"origin": [-6.5, 1.85, 0], "size": [2, 2, 7], "uv": [481, 503]},
					{"origin": [-5.5, 3.35, -1], "size": [0, 2, 2], "uv": [481, 503]},
					{"origin": [-6, 3.85, 7], "size": [1, 1, 1], "uv": [501, 484]},
					{"origin": [-6, 4.85, 7], "size": [1, 1, 7], "uv": [480, 493]},
					{"origin": [-6, 2.35, -3], "size": [1, 1, 3], "uv": [489, 493]},
					{"origin": [-6, 3.85, 12], "size": [1, 1, 2], "uv": [506, 483]},
					{"origin": [-6, 1.85, 14], "size": [1, 2, 6], "uv": [493, 480]},
					{"origin": [-5.5, -1.15, 14], "size": [0, 3, 5], "uv": [502, 475]},
					{"origin": [-6, -1.15, 19], "size": [1, 3, 1], "uv": [493, 480]},
					{"origin": [-5.5, -1.15, 10], "size": [0, 2, 2], "uv": [480, 486]},
					{"origin": [-6, -4.15, 7], "size": [1, 5, 3], "uv": [480, 480]},
					{"origin": [-6, -2.15, 12], "size": [1, 3, 2], "uv": [480, 493]}
				]
			},
			{
				"name": "dragunov3",
				"parent": "gun",
				"pivot": [-5.5, 4, 5],
				"cubes": [
					{"origin": [-6, 1.85, 1], "size": [1, 2, 11], "uv": [416, 480]},
					{"origin": [-6, 0.85, 14], "size": [1, 2, 6], "uv": [429, 480]},
					{"origin": [-6, 2.85, 14], "size": [1, 1, 3], "uv": [439, 481]},
					{"origin": [-6, 0.85, 12], "size": [1, 3, 2], "uv": [442, 487]},
					{"origin": [-6, 0.85, 7], "size": [1, 1, 5], "uv": [435, 489]},
					{"origin": [-6, -2.15, 18], "size": [1, 3, 2], "uv": [429, 480]},
					{"origin": [-5.5, 3.85, 1], "size": [0, 1, 1], "uv": [422, 481]},
					{"origin": [-5.5, 3.85, 13], "size": [0, 1, 1], "uv": [422, 481]},
					{"origin": [-5.5, -1.15, 10], "size": [0, 2, 2], "uv": [416, 486]},
					{"origin": [-6, -4.15, 7], "size": [1, 5, 3], "uv": [416, 480]},
					{"origin": [-6, -2.15, 12], "size": [1, 3, 2], "uv": [416, 493]},
					{"origin": [-6, 1.85, -3], "size": [1, 1, 4], "uv": [425, 493]}
				]
			},
			{
				"name": "dragunov4",
				"parent": "gun",
				"pivot": [-5.5, 4, 5],
				"cubes": [
					{"origin": [-6, 0.85, 8], "size": [1, 3, 6], "uv": [389, 485]},
					{"origin": [-6, 0.85, 6], "size": [1, 1, 2], "uv": [406, 493]},
					{"origin": [-6, 0.85, 14], "size": [1, 2, 6], "uv": [397, 480]},
					{"origin": [-6, -1.15, 16], "size": [1, 2, 4], "uv": [406, 480]},
					{"origin": [-5.5, 3.85, 8], "size": [0, 1, 2], "uv": [389, 480]},
					{"origin": [-5.5, -1.15, 10], "size": [0, 2, 2], "uv": [384, 486]},
					{"origin": [-6, -2.15, 12], "size": [1, 3, 2], "uv": [384, 493]},
					{"origin": [-6, -1.15, 14], "size": [1, 1, 2], "uv": [385, 481]},
					{"origin": [-6, -1.15, 8], "size": [1, 2, 2], "uv": [384, 493]}
				]
			},
			{
				"name": "dragunov9",
				"parent": "gun",
				"pivot": [-5.5, 4, 5],
				"cubes": [
					{"origin": [-6, 0.85, 2], "size": [1, 1, 12], "uv": [464, 434]},
					{"origin": [-6, -1.15, 14], "size": [1, 3, 6], "uv": [464, 416]},
					{"origin": [-5.5, 0.85, -1], "size": [0, 1, 3], "uv": [464, 418.00001]},
					{"origin": [-5.5, 2.85, -3], "size": [0, 1, 2], "uv": [464, 416]},
					{"origin": [-5.5, -1.15, 11], "size": [0, 2, 3], "uv": [464, 416]},
					{"origin": [-6, -2.15, 7], "size": [1, 3, 4], "uv": [464, 425]},
					{"origin": [-6, 1.85, -3], "size": [1, 1, 17], "uv": [464, 416]}
				]
			},
			{
				"name": "boolet",
				"parent": "gun",
				"pivot": [-5.5, 2, 6],
				"cubes": [
					{"origin": [-5.5, 1.75, -24], "size": [0, 1, 30], "uv": [0, 481]},
					{"origin": [-5.5, 1.75, -54], "size": [0, 1, 30], "uv": [0, 481]}
				]
			},
			{
				"name": "shield",
				"parent": "gun",
				"pivot": [5, -1, 21],
				"rotation": [0, -45, 0],
				"cubes": [
					{"origin": [-1, -4, 17], "size": [2, 6, 6], "uv": [496, 393]},
					{"origin": [-6, -18, 16], "size": [12, 22, 1], "uv": [470, 393]}
				]
			},
			{
				"name": "leftleg",
				"parent": "body2",
				"pivot": [2, 12, 0],
				"cubes": [
					{"origin": [0, 0, -2], "size": [4, 12, 4], "uv": [384, 48], "inflate": 0.25},
					{"origin": [0, 0, -2], "size": [4, 12, 4], "uv": [400, 48]}
				]
			},
			{
				"name": "rightleg",
				"parent": "body2",
				"pivot": [-2, 12, 0],
				"cubes": [
					{"origin": [-4, 0, -2], "size": [4, 12, 4], "uv": [384, 32], "inflate": 0.25},
					{"origin": [-4, 0, -2], "size": [4, 12, 4], "uv": [384, 16]}
				]
			},
			{
				"name": "hhead",
				"parent": "irongolemchan",
				"pivot": [0, 24, 0],
				"cubes": [
					{"origin": [-4, 24, -4], "size": [8, 8, 8], "uv": [384, 0]},
					{"origin": [-4, 24, -4], "size": [8, 8, 8], "uv": [416, 0], "inflate": 0.5}
				]
			},
			{
				"name": "golembody",
				"parent": "root",
				"pivot": [0, 0, 0],
				"cubes": [
					{"origin": [-9, 21, -5], "size": [18, 12, 11], "uv": [72, 295]},
					{"origin": [-4, 18, -7], "size": [8, 18, 10], "uv": [256, 209]},
					{"origin": [-4.5, 16, -3], "size": [9, 5, 6], "uv": [256, 198], "inflate": 0.5}
				]
			},
			{
				"name": "golemleft_arm",
				"parent": "golembody",
				"pivot": [11, 28, 0],
				"cubes": [
					{"origin": [9, 4.5, -3], "size": [4, 26, 6], "uv": [154, 245]}
				]
			},
			{
				"name": "golemright_arm",
				"parent": "golembody",
				"pivot": [-11, 28, 0],
				"cubes": [
					{"origin": [-13, 4.5, -3], "size": [4, 26, 6], "uv": [134, 245]}
				]
			},
			{
				"name": "golemrose",
				"parent": "golemright_arm",
				"pivot": [0, 0, 0],
				"rotation": [90, 0, 0],
				"cubes": [
					{"origin": [-14, 3, 6], "size": [7, 11, 1], "uv": [134, 221]}
				]
			},
			{
				"name": "golemrose2",
				"parent": "golemrose",
				"pivot": [-10.5, 3, 9.5],
				"rotation": [0, 90, 0],
				"cubes": [
					{"origin": [-10.5, 3, 9.5], "size": [7, 11, 1], "uv": [134, 221]}
				]
			},
			{
				"name": "golemright_leg",
				"parent": "golembody",
				"pivot": [4, 13, 0],
				"cubes": [
					{"origin": [1.5, 0, -3], "size": [6, 16, 5], "uv": [316, 128]}
				]
			},
			{
				"name": "golemleft_leg",
				"parent": "golembody",
				"pivot": [-4, 13, 0],
				"cubes": [
					{"origin": [-7.5, 0, -3], "size": [6, 16, 5], "uv": [293, 128]}
				]
			}
		]
	}
}