{
  "format_version": "1.8.0",
  "render_controllers": {
    "controller.render.villager_v2_base": {
      "arrays": {
        "textures": {
          "Array.default": [
            "Texture.default",
            "Texture.default2",
            "Texture.default3",
"Texture.default4",
"Texture.default5",
"Texture.default6",
"Texture.default7",
"Texture.default8",
"Texture.default9",
"Texture.default10",
"Texture.default11",
"Texture.default12",
"Texture.default13",
"Texture.default14",
"Texture.default15",
"Texture.default16",
"Texture.default17",
"Texture.default18",
"Texture.default19",
"Texture.default20",
"Texture.default21",
"Texture.default22",
"Texture.default23",
"Texture.default24",
"Texture.default25",
"Texture.default26",
"Texture.default27",
"Texture.default28",
"Texture.default29",
"Texture.default30",
"Texture.default31",
"Texture.default32",
"Texture.default33",
"Texture.default34",
"Texture.default35",
"Texture.default36",
"Texture.default37",
"Texture.default38",
"Texture.default39",
"Texture.default40",
"Texture.default41",
"Texture.default42",
"Texture.default43",
"Texture.default44",
"Texture.default45",
"Texture.default46",
"Texture.default47",
"Texture.default48",
"Texture.default49",
"Texture.default50",
"Texture.default51",
"Texture.default52",
"Texture.default53",
"Texture.default54",
"Texture.default55",
"Texture.default56",
"Texture.default57",
"Texture.default58",
"Texture.default59",
"Texture.default60",
"Texture.default61",
"Texture.default62",
"Texture.default63",
"Texture.default64",
"Texture.default65",
"Texture.default66",
"Texture.default67",
"Texture.default68",
"Texture.default69",
"Texture.default70"
          ]
        }
      },
      "geometry": "Geometry.default",
      "materials": [ { "*": "Material.default" } ],
      "textures": [ "Array.default[variable.Xvar]" ]
    },
    "controller.render.villager_v2_masked": {
      "arrays": {
        "textures": {
          "Array.biomes": [
            "Texture.desert",
            "Texture.desert2",
            "Texture.desert3",
"Texture.desert4",
"Texture.desert5",
"Texture.desert6",
"Texture.desert7",
"Texture.desert8",
"Texture.desert9",
"Texture.desert10",
"Texture.desert11",
"Texture.desert12",
"Texture.desert13",
"Texture.desert14",
"Texture.desert15",
"Texture.desert16",
"Texture.desert17",
"Texture.desert18",
"Texture.desert19",
"Texture.desert20",
"Texture.desert21",
"Texture.desert22",
"Texture.desert23",
"Texture.desert24",
"Texture.desert25",
"Texture.desert26",
"Texture.desert27",
"Texture.desert28",
"Texture.desert29",
"Texture.desert30",
"Texture.desert31",
"Texture.desert32",
"Texture.desert33",
"Texture.desert34",
"Texture.desert35",
"Texture.desert36",
"Texture.desert37",
"Texture.desert38",
"Texture.desert39",
"Texture.desert40",
"Texture.desert41",
"Texture.desert42",
"Texture.desert43",
"Texture.desert44",
"Texture.desert45",
"Texture.desert46",
"Texture.desert47",
"Texture.desert48",
"Texture.desert49",
"Texture.desert50",
"Texture.desert51",
"Texture.desert52",
"Texture.desert53",
"Texture.desert54",
"Texture.desert55",
"Texture.desert56",
"Texture.desert57",
"Texture.desert58",
"Texture.desert59",
"Texture.desert60",
"Texture.desert61",
"Texture.desert62",
"Texture.desert63",
"Texture.desert64",
"Texture.desert65",
"Texture.desert66",
"Texture.desert67",
"Texture.desert68",
"Texture.desert69",
"Texture.desert70",
            "Texture.plains",
            "Texture.plains2",
            "Texture.plains3",
"Texture.plains4",
"Texture.plains5",
"Texture.plains6",
"Texture.plains7",
"Texture.plains8",
"Texture.plains9",
"Texture.plains10",
"Texture.plains11",
"Texture.plains12",
"Texture.plains13",
"Texture.plains14",
"Texture.plains15",
"Texture.plains16",
"Texture.plains17",
"Texture.plains18",
"Texture.plains19",
"Texture.plains20",
"Texture.plains21",
"Texture.plains22",
"Texture.plains23",
"Texture.plains24",
"Texture.plains25",
"Texture.plains26",
"Texture.plains27",
"Texture.plains28",
"Texture.plains29",
"Texture.plains30",
"Texture.plains31",
"Texture.plains32",
"Texture.plains33",
"Texture.plains34",
"Texture.plains35",
"Texture.plains36",
"Texture.plains37",
"Texture.plains38",
"Texture.plains39",
"Texture.plains40",
"Texture.plains41",
"Texture.plains42",
"Texture.plains43",
"Texture.plains44",
"Texture.plains45",
"Texture.plains46",
"Texture.plains47",
"Texture.plains48",
"Texture.plains49",
"Texture.plains50",
"Texture.plains51",
"Texture.plains52",
"Texture.plains53",
"Texture.plains54",
"Texture.plains55",
"Texture.plains56",
"Texture.plains57",
"Texture.plains58",
"Texture.plains59",
"Texture.plains60",
"Texture.plains61",
"Texture.plains62",
"Texture.plains63",
"Texture.plains64",
"Texture.plains65",
"Texture.plains66",
"Texture.plains67",
"Texture.plains68",
"Texture.plains69",
"Texture.plains70",
            
            "Texture.jungle",
            "Texture.jungle2",
            "Texture.jungle3",
"Texture.jungle4",
"Texture.jungle5",
"Texture.jungle6",
"Texture.jungle7",
"Texture.jungle8",
"Texture.jungle9",
"Texture.jungle10",
"Texture.jungle11",
"Texture.jungle12",
"Texture.jungle13",
"Texture.jungle14",
"Texture.jungle15",
"Texture.jungle16",
"Texture.jungle17",
"Texture.jungle18",
"Texture.jungle19",
"Texture.jungle20",
"Texture.jungle21",
"Texture.jungle22",
"Texture.jungle23",
"Texture.jungle24",
"Texture.jungle25",
"Texture.jungle26",
"Texture.jungle27",
"Texture.jungle28",
"Texture.jungle29",
"Texture.jungle30",
"Texture.jungle31",
"Texture.jungle32",
"Texture.jungle33",
"Texture.jungle34",
"Texture.jungle35",
"Texture.jungle36",
"Texture.jungle37",
"Texture.jungle38",
"Texture.jungle39",
"Texture.jungle40",
"Texture.jungle41",
"Texture.jungle42",
"Texture.jungle43",
"Texture.jungle44",
"Texture.jungle45",
"Texture.jungle46",
"Texture.jungle47",
"Texture.jungle48",
"Texture.jungle49",
"Texture.jungle50",
"Texture.jungle51",
"Texture.jungle52",
"Texture.jungle53",
"Texture.jungle54",
"Texture.jungle55",
"Texture.jungle56",
"Texture.jungle57",
"Texture.jungle58",
"Texture.jungle59",
"Texture.jungle60",
"Texture.jungle61",
"Texture.jungle62",
"Texture.jungle63",
"Texture.jungle64",
"Texture.jungle65",
"Texture.jungle66",
"Texture.jungle67",
"Texture.jungle68",
"Texture.jungle69",
"Texture.jungle70",
            
            "Texture.savanna",
            "Texture.savanna2",
            "Texture.savanna3",
"Texture.savanna4",
"Texture.savanna5",
"Texture.savanna6",
"Texture.savanna7",
"Texture.savanna8",
"Texture.savanna9",
"Texture.savanna10",
"Texture.savanna11",
"Texture.savanna12",
"Texture.savanna13",
"Texture.savanna14",
"Texture.savanna15",
"Texture.savanna16",
"Texture.savanna17",
"Texture.savanna18",
"Texture.savanna19",
"Texture.savanna20",
"Texture.savanna21",
"Texture.savanna22",
"Texture.savanna23",
"Texture.savanna24",
"Texture.savanna25",
"Texture.savanna26",
"Texture.savanna27",
"Texture.savanna28",
"Texture.savanna29",
"Texture.savanna30",
"Texture.savanna31",
"Texture.savanna32",
"Texture.savanna33",
"Texture.savanna34",
"Texture.savanna35",
"Texture.savanna36",
"Texture.savanna37",
"Texture.savanna38",
"Texture.savanna39",
"Texture.savanna40",
"Texture.savanna41",
"Texture.savanna42",
"Texture.savanna43",
"Texture.savanna44",
"Texture.savanna45",
"Texture.savanna46",
"Texture.savanna47",
"Texture.savanna48",
"Texture.savanna49",
"Texture.savanna50",
"Texture.savanna51",
"Texture.savanna52",
"Texture.savanna53",
"Texture.savanna54",
"Texture.savanna55",
"Texture.savanna56",
"Texture.savanna57",
"Texture.savanna58",
"Texture.savanna59",
"Texture.savanna60",
"Texture.savanna61",
"Texture.savanna62",
"Texture.savanna63",
"Texture.savanna64",
"Texture.savanna65",
"Texture.savanna66",
"Texture.savanna67",
"Texture.savanna68",
"Texture.savanna69",
"Texture.savanna70",
            
            "Texture.snow",
            "Texture.snow2",
            "Texture.snow3",
"Texture.snow4",
"Texture.snow5",
"Texture.snow6",
"Texture.snow7",
"Texture.snow8",
"Texture.snow9",
"Texture.snow10",
"Texture.snow11",
"Texture.snow12",
"Texture.snow13",
"Texture.snow14",
"Texture.snow15",
"Texture.snow16",
"Texture.snow17",
"Texture.snow18",
"Texture.snow19",
"Texture.snow20",
"Texture.snow21",
"Texture.snow22",
"Texture.snow23",
"Texture.snow24",
"Texture.snow25",
"Texture.snow26",
"Texture.snow27",
"Texture.snow28",
"Texture.snow29",
"Texture.snow30",
"Texture.snow31",
"Texture.snow32",
"Texture.snow33",
"Texture.snow34",
"Texture.snow35",
"Texture.snow36",
"Texture.snow37",
"Texture.snow38",
"Texture.snow39",
"Texture.snow40",
"Texture.snow41",
"Texture.snow42",
"Texture.snow43",
"Texture.snow44",
"Texture.snow45",
"Texture.snow46",
"Texture.snow47",
"Texture.snow48",
"Texture.snow49",
"Texture.snow50",
"Texture.snow51",
"Texture.snow52",
"Texture.snow53",
"Texture.snow54",
"Texture.snow55",
"Texture.snow56",
"Texture.snow57",
"Texture.snow58",
"Texture.snow59",
"Texture.snow60",
"Texture.snow61",
"Texture.snow62",
"Texture.snow63",
"Texture.snow64",
"Texture.snow65",
"Texture.snow66",
"Texture.snow67",
"Texture.snow68",
"Texture.snow69",
"Texture.snow70",
            
            "Texture.swamp",
            "Texture.swamp2",
            "Texture.swamp3",
"Texture.swamp4",
"Texture.swamp5",
"Texture.swamp6",
"Texture.swamp7",
"Texture.swamp8",
"Texture.swamp9",
"Texture.swamp10",
"Texture.swamp11",
"Texture.swamp12",
"Texture.swamp13",
"Texture.swamp14",
"Texture.swamp15",
"Texture.swamp16",
"Texture.swamp17",
"Texture.swamp18",
"Texture.swamp19",
"Texture.swamp20",
"Texture.swamp21",
"Texture.swamp22",
"Texture.swamp23",
"Texture.swamp24",
"Texture.swamp25",
"Texture.swamp26",
"Texture.swamp27",
"Texture.swamp28",
"Texture.swamp29",
"Texture.swamp30",
"Texture.swamp31",
"Texture.swamp32",
"Texture.swamp33",
"Texture.swamp34",
"Texture.swamp35",
"Texture.swamp36",
"Texture.swamp37",
"Texture.swamp38",
"Texture.swamp39",
"Texture.swamp40",
"Texture.swamp41",
"Texture.swamp42",
"Texture.swamp43",
"Texture.swamp44",
"Texture.swamp45",
"Texture.swamp46",
"Texture.swamp47",
"Texture.swamp48",
"Texture.swamp49",
"Texture.swamp50",
"Texture.swamp51",
"Texture.swamp52",
"Texture.swamp53",
"Texture.swamp54",
"Texture.swamp55",
"Texture.swamp56",
"Texture.swamp57",
"Texture.swamp58",
"Texture.swamp59",
"Texture.swamp60",
"Texture.swamp61",
"Texture.swamp62",
"Texture.swamp63",
"Texture.swamp64",
"Texture.swamp65",
"Texture.swamp66",
"Texture.swamp67",
"Texture.swamp68",
"Texture.swamp69",
"Texture.swamp70",
            
            "Texture.taiga",
            "Texture.taiga2",
            "Texture.taiga3",
"Texture.taiga4",
"Texture.taiga5",
"Texture.taiga6",
"Texture.taiga7",
"Texture.taiga8",
"Texture.taiga9",
"Texture.taiga10",
"Texture.taiga11",
"Texture.taiga12",
"Texture.taiga13",
"Texture.taiga14",
"Texture.taiga15",
"Texture.taiga16",
"Texture.taiga17",
"Texture.taiga18",
"Texture.taiga19",
"Texture.taiga20",
"Texture.taiga21",
"Texture.taiga22",
"Texture.taiga23",
"Texture.taiga24",
"Texture.taiga25",
"Texture.taiga26",
"Texture.taiga27",
"Texture.taiga28",
"Texture.taiga29",
"Texture.taiga30",
"Texture.taiga31",
"Texture.taiga32",
"Texture.taiga33",
"Texture.taiga34",
"Texture.taiga35",
"Texture.taiga36",
"Texture.taiga37",
"Texture.taiga38",
"Texture.taiga39",
"Texture.taiga40",
"Texture.taiga41",
"Texture.taiga42",
"Texture.taiga43",
"Texture.taiga44",
"Texture.taiga45",
"Texture.taiga46",
"Texture.taiga47",
"Texture.taiga48",
"Texture.taiga49",
"Texture.taiga50",
"Texture.taiga51",
"Texture.taiga52",
"Texture.taiga53",
"Texture.taiga54",
"Texture.taiga55",
"Texture.taiga56",
"Texture.taiga57",
"Texture.taiga58",
"Texture.taiga59",
"Texture.taiga60",
"Texture.taiga61",
"Texture.taiga62",
"Texture.taiga63",
"Texture.taiga64",
"Texture.taiga65",
"Texture.taiga66",
"Texture.taiga67",
"Texture.taiga68",
"Texture.taiga69",
"Texture.taiga70"
            
          ],
          "Array.professions": [
            "Texture.farmer",
            
            "Texture.fisherman",
            
            "Texture.shepherd",
            
            "Texture.fletcher",
            
            "Texture.librarian",
            "Texture.librarian2",
            "Texture.librarian3",
"Texture.librarian4",
"Texture.librarian5",
"Texture.librarian6",
"Texture.librarian7",
"Texture.librarian8",
"Texture.librarian9",
"Texture.librarian10",
"Texture.librarian11",
"Texture.librarian12",
"Texture.librarian13",
"Texture.librarian14",
"Texture.librarian15",
"Texture.librarian16",
"Texture.librarian17",
"Texture.librarian18",
"Texture.librarian19",
"Texture.librarian20",
"Texture.librarian21",
"Texture.librarian22",
"Texture.librarian23",
"Texture.librarian24",
"Texture.librarian25",
"Texture.librarian26",
"Texture.librarian27",
"Texture.librarian28",
"Texture.librarian29",
"Texture.librarian30",
"Texture.librarian31",
"Texture.librarian32",
"Texture.librarian33",
"Texture.librarian34",
"Texture.librarian35",
"Texture.librarian36",
"Texture.librarian37",
"Texture.librarian38",
"Texture.librarian39",
"Texture.librarian40",
"Texture.librarian41",
"Texture.librarian42",
"Texture.librarian43",
"Texture.librarian44",
"Texture.librarian45",
"Texture.librarian46",
"Texture.librarian47",
"Texture.librarian48",
"Texture.librarian49",
"Texture.librarian50",
"Texture.librarian51",
"Texture.librarian52",
"Texture.librarian53",
"Texture.librarian54",
"Texture.librarian55",
"Texture.librarian56",
"Texture.librarian57",
"Texture.librarian58",
"Texture.librarian59",
"Texture.librarian60",
"Texture.librarian61",
"Texture.librarian62",
"Texture.librarian63",
"Texture.librarian64",
"Texture.librarian65",
"Texture.librarian66",
"Texture.librarian67",
"Texture.librarian68",
"Texture.librarian69",
"Texture.librarian70",
            
            "Texture.cartographer",
            
            "Texture.cleric",
            "Texture.cleric2",
            "Texture.cleric3",
"Texture.cleric4",
"Texture.cleric5",
"Texture.cleric6",
"Texture.cleric7",
"Texture.cleric8",
"Texture.cleric9",
"Texture.cleric10",
"Texture.cleric11",
"Texture.cleric12",
"Texture.cleric13",
"Texture.cleric14",
"Texture.cleric15",
"Texture.cleric16",
"Texture.cleric17",
"Texture.cleric18",
"Texture.cleric19",
"Texture.cleric20",
"Texture.cleric21",
"Texture.cleric22",
"Texture.cleric23",
"Texture.cleric24",
"Texture.cleric25",
"Texture.cleric26",
"Texture.cleric27",
"Texture.cleric28",
"Texture.cleric29",
"Texture.cleric30",
"Texture.cleric31",
"Texture.cleric32",
"Texture.cleric33",
"Texture.cleric34",
"Texture.cleric35",
"Texture.cleric36",
"Texture.cleric37",
"Texture.cleric38",
"Texture.cleric39",
"Texture.cleric40",
"Texture.cleric41",
"Texture.cleric42",
"Texture.cleric43",
"Texture.cleric44",
"Texture.cleric45",
"Texture.cleric46",
"Texture.cleric47",
"Texture.cleric48",
"Texture.cleric49",
"Texture.cleric50",
"Texture.cleric51",
"Texture.cleric52",
"Texture.cleric53",
"Texture.cleric54",
"Texture.cleric55",
"Texture.cleric56",
"Texture.cleric57",
"Texture.cleric58",
"Texture.cleric59",
"Texture.cleric60",
"Texture.cleric61",
"Texture.cleric62",
"Texture.cleric63",
"Texture.cleric64",
"Texture.cleric65",
"Texture.cleric66",
"Texture.cleric67",
"Texture.cleric68",
"Texture.cleric69",
"Texture.cleric70",
            
            "Texture.armorer",
            "Texture.armorer2",
            "Texture.armorer3",
"Texture.armorer4",
"Texture.armorer5",
"Texture.armorer6",
"Texture.armorer7",
"Texture.armorer8",
"Texture.armorer9",
"Texture.armorer10",
"Texture.armorer11",
"Texture.armorer12",
"Texture.armorer13",
"Texture.armorer14",
"Texture.armorer15",
"Texture.armorer16",
"Texture.armorer17",
"Texture.armorer18",
"Texture.armorer19",
"Texture.armorer20",
"Texture.armorer21",
"Texture.armorer22",
"Texture.armorer23",
"Texture.armorer24",
"Texture.armorer25",
"Texture.armorer26",
"Texture.armorer27",
"Texture.armorer28",
"Texture.armorer29",
"Texture.armorer30",
"Texture.armorer31",
"Texture.armorer32",
"Texture.armorer33",
"Texture.armorer34",
"Texture.armorer35",
"Texture.armorer36",
"Texture.armorer37",
"Texture.armorer38",
"Texture.armorer39",
"Texture.armorer40",
"Texture.armorer41",
"Texture.armorer42",
"Texture.armorer43",
"Texture.armorer44",
"Texture.armorer45",
"Texture.armorer46",
"Texture.armorer47",
"Texture.armorer48",
"Texture.armorer49",
"Texture.armorer50",
"Texture.armorer51",
"Texture.armorer52",
"Texture.armorer53",
"Texture.armorer54",
"Texture.armorer55",
"Texture.armorer56",
"Texture.armorer57",
"Texture.armorer58",
"Texture.armorer59",
"Texture.armorer60",
"Texture.armorer61",
"Texture.armorer62",
"Texture.armorer63",
"Texture.armorer64",
"Texture.armorer65",
"Texture.armorer66",
"Texture.armorer67",
"Texture.armorer68",
"Texture.armorer69",
"Texture.armorer70",
            
            "Texture.weapon_smith",
            "Texture.weapon_smith2",
            "Texture.weapon_smith3",
"Texture.weapon_smith4",
"Texture.weapon_smith5",
"Texture.weapon_smith6",
"Texture.weapon_smith7",
"Texture.weapon_smith8",
"Texture.weapon_smith9",
"Texture.weapon_smith10",
"Texture.weapon_smith11",
"Texture.weapon_smith12",
"Texture.weapon_smith13",
"Texture.weapon_smith14",
"Texture.weapon_smith15",
"Texture.weapon_smith16",
"Texture.weapon_smith17",
"Texture.weapon_smith18",
"Texture.weapon_smith19",
"Texture.weapon_smith20",
"Texture.weapon_smith21",
"Texture.weapon_smith22",
"Texture.weapon_smith23",
"Texture.weapon_smith24",
"Texture.weapon_smith25",
"Texture.weapon_smith26",
"Texture.weapon_smith27",
"Texture.weapon_smith28",
"Texture.weapon_smith29",
"Texture.weapon_smith30",
"Texture.weapon_smith31",
"Texture.weapon_smith32",
"Texture.weapon_smith33",
"Texture.weapon_smith34",
"Texture.weapon_smith35",
"Texture.weapon_smith36",
"Texture.weapon_smith37",
"Texture.weapon_smith38",
"Texture.weapon_smith39",
"Texture.weapon_smith40",
"Texture.weapon_smith41",
"Texture.weapon_smith42",
"Texture.weapon_smith43",
"Texture.weapon_smith44",
"Texture.weapon_smith45",
"Texture.weapon_smith46",
"Texture.weapon_smith47",
"Texture.weapon_smith48",
"Texture.weapon_smith49",
"Texture.weapon_smith50",
"Texture.weapon_smith51",
"Texture.weapon_smith52",
"Texture.weapon_smith53",
"Texture.weapon_smith54",
"Texture.weapon_smith55",
"Texture.weapon_smith56",
"Texture.weapon_smith57",
"Texture.weapon_smith58",
"Texture.weapon_smith59",
"Texture.weapon_smith60",
"Texture.weapon_smith61",
"Texture.weapon_smith62",
"Texture.weapon_smith63",
"Texture.weapon_smith64",
"Texture.weapon_smith65",
"Texture.weapon_smith66",
"Texture.weapon_smith67",
"Texture.weapon_smith68",
"Texture.weapon_smith69",
"Texture.weapon_smith70",
            
            "Texture.tool_smith",
            "Texture.tool_smith2",
            "Texture.tool_smith3",
"Texture.tool_smith4",
"Texture.tool_smith5",
"Texture.tool_smith6",
"Texture.tool_smith7",
"Texture.tool_smith8",
"Texture.tool_smith9",
"Texture.tool_smith10",
"Texture.tool_smith11",
"Texture.tool_smith12",
"Texture.tool_smith13",
"Texture.tool_smith14",
"Texture.tool_smith15",
"Texture.tool_smith16",
"Texture.tool_smith17",
"Texture.tool_smith18",
"Texture.tool_smith19",
"Texture.tool_smith20",
"Texture.tool_smith21",
"Texture.tool_smith22",
"Texture.tool_smith23",
"Texture.tool_smith24",
"Texture.tool_smith25",
"Texture.tool_smith26",
"Texture.tool_smith27",
"Texture.tool_smith28",
"Texture.tool_smith29",
"Texture.tool_smith30",
"Texture.tool_smith31",
"Texture.tool_smith32",
"Texture.tool_smith33",
"Texture.tool_smith34",
"Texture.tool_smith35",
"Texture.tool_smith36",
"Texture.tool_smith37",
"Texture.tool_smith38",
"Texture.tool_smith39",
"Texture.tool_smith40",
"Texture.tool_smith41",
"Texture.tool_smith42",
"Texture.tool_smith43",
"Texture.tool_smith44",
"Texture.tool_smith45",
"Texture.tool_smith46",
"Texture.tool_smith47",
"Texture.tool_smith48",
"Texture.tool_smith49",
"Texture.tool_smith50",
"Texture.tool_smith51",
"Texture.tool_smith52",
"Texture.tool_smith53",
"Texture.tool_smith54",
"Texture.tool_smith55",
"Texture.tool_smith56",
"Texture.tool_smith57",
"Texture.tool_smith58",
"Texture.tool_smith59",
"Texture.tool_smith60",
"Texture.tool_smith61",
"Texture.tool_smith62",
"Texture.tool_smith63",
"Texture.tool_smith64",
"Texture.tool_smith65",
"Texture.tool_smith66",
"Texture.tool_smith67",
"Texture.tool_smith68",
"Texture.tool_smith69",
"Texture.tool_smith70",
            
            "Texture.butcher",
            "Texture.butcher2",
            "Texture.butcher3",
"Texture.butcher4",
"Texture.butcher5",
"Texture.butcher6",
"Texture.butcher7",
"Texture.butcher8",
"Texture.butcher9",
"Texture.butcher10",
"Texture.butcher11",
"Texture.butcher12",
"Texture.butcher13",
"Texture.butcher14",
"Texture.butcher15",
"Texture.butcher16",
"Texture.butcher17",
"Texture.butcher18",
"Texture.butcher19",
"Texture.butcher20",
"Texture.butcher21",
"Texture.butcher22",
"Texture.butcher23",
"Texture.butcher24",
"Texture.butcher25",
"Texture.butcher26",
"Texture.butcher27",
"Texture.butcher28",
"Texture.butcher29",
"Texture.butcher30",
"Texture.butcher31",
"Texture.butcher32",
"Texture.butcher33",
"Texture.butcher34",
"Texture.butcher35",
"Texture.butcher36",
"Texture.butcher37",
"Texture.butcher38",
"Texture.butcher39",
"Texture.butcher40",
"Texture.butcher41",
"Texture.butcher42",
"Texture.butcher43",
"Texture.butcher44",
"Texture.butcher45",
"Texture.butcher46",
"Texture.butcher47",
"Texture.butcher48",
"Texture.butcher49",
"Texture.butcher50",
"Texture.butcher51",
"Texture.butcher52",
"Texture.butcher53",
"Texture.butcher54",
"Texture.butcher55",
"Texture.butcher56",
"Texture.butcher57",
"Texture.butcher58",
"Texture.butcher59",
"Texture.butcher60",
"Texture.butcher61",
"Texture.butcher62",
"Texture.butcher63",
"Texture.butcher64",
"Texture.butcher65",
"Texture.butcher66",
"Texture.butcher67",
"Texture.butcher68",
"Texture.butcher69",
"Texture.butcher70",
            
            "Texture.leatherworker",
            "Texture.leatherworker2",
            "Texture.leatherworker3",
"Texture.leatherworker4",
"Texture.leatherworker5",
"Texture.leatherworker6",
"Texture.leatherworker7",
"Texture.leatherworker8",
"Texture.leatherworker9",
"Texture.leatherworker10",
"Texture.leatherworker11",
"Texture.leatherworker12",
"Texture.leatherworker13",
"Texture.leatherworker14",
"Texture.leatherworker15",
"Texture.leatherworker16",
"Texture.leatherworker17",
"Texture.leatherworker18",
"Texture.leatherworker19",
"Texture.leatherworker20",
"Texture.leatherworker21",
"Texture.leatherworker22",
"Texture.leatherworker23",
"Texture.leatherworker24",
"Texture.leatherworker25",
"Texture.leatherworker26",
"Texture.leatherworker27",
"Texture.leatherworker28",
"Texture.leatherworker29",
"Texture.leatherworker30",
"Texture.leatherworker31",
"Texture.leatherworker32",
"Texture.leatherworker33",
"Texture.leatherworker34",
"Texture.leatherworker35",
"Texture.leatherworker36",
"Texture.leatherworker37",
"Texture.leatherworker38",
"Texture.leatherworker39",
"Texture.leatherworker40",
"Texture.leatherworker41",
"Texture.leatherworker42",
"Texture.leatherworker43",
"Texture.leatherworker44",
"Texture.leatherworker45",
"Texture.leatherworker46",
"Texture.leatherworker47",
"Texture.leatherworker48",
"Texture.leatherworker49",
"Texture.leatherworker50",
"Texture.leatherworker51",
"Texture.leatherworker52",
"Texture.leatherworker53",
"Texture.leatherworker54",
"Texture.leatherworker55",
"Texture.leatherworker56",
"Texture.leatherworker57",
"Texture.leatherworker58",
"Texture.leatherworker59",
"Texture.leatherworker60",
"Texture.leatherworker61",
"Texture.leatherworker62",
"Texture.leatherworker63",
"Texture.leatherworker64",
"Texture.leatherworker65",
"Texture.leatherworker66",
"Texture.leatherworker67",
"Texture.leatherworker68",
"Texture.leatherworker69",
"Texture.leatherworker70",
            
            "Texture.stonemason",
            "Texture.stonemason2",
            "Texture.stonemason3",
"Texture.stonemason4",
"Texture.stonemason5",
"Texture.stonemason6",
"Texture.stonemason7",
"Texture.stonemason8",
"Texture.stonemason9",
"Texture.stonemason10",
"Texture.stonemason11",
"Texture.stonemason12",
"Texture.stonemason13",
"Texture.stonemason14",
"Texture.stonemason15",
"Texture.stonemason16",
"Texture.stonemason17",
"Texture.stonemason18",
"Texture.stonemason19",
"Texture.stonemason20",
"Texture.stonemason21",
"Texture.stonemason22",
"Texture.stonemason23",
"Texture.stonemason24",
"Texture.stonemason25",
"Texture.stonemason26",
"Texture.stonemason27",
"Texture.stonemason28",
"Texture.stonemason29",
"Texture.stonemason30",
"Texture.stonemason31",
"Texture.stonemason32",
"Texture.stonemason33",
"Texture.stonemason34",
"Texture.stonemason35",
"Texture.stonemason36",
"Texture.stonemason37",
"Texture.stonemason38",
"Texture.stonemason39",
"Texture.stonemason40",
"Texture.stonemason41",
"Texture.stonemason42",
"Texture.stonemason43",
"Texture.stonemason44",
"Texture.stonemason45",
"Texture.stonemason46",
"Texture.stonemason47",
"Texture.stonemason48",
"Texture.stonemason49",
"Texture.stonemason50",
"Texture.stonemason51",
"Texture.stonemason52",
"Texture.stonemason53",
"Texture.stonemason54",
"Texture.stonemason55",
"Texture.stonemason56",
"Texture.stonemason57",
"Texture.stonemason58",
"Texture.stonemason59",
"Texture.stonemason60",
"Texture.stonemason61",
"Texture.stonemason62",
"Texture.stonemason63",
"Texture.stonemason64",
"Texture.stonemason65",
"Texture.stonemason66",
"Texture.stonemason67",
"Texture.stonemason68",
"Texture.stonemason69",
"Texture.stonemason70",
            
            "Texture.stonemason",
            "Texture.stonemason2",
            "Texture.stonemason3",
"Texture.stonemason4",
"Texture.stonemason5",
"Texture.stonemason6",
"Texture.stonemason7",
"Texture.stonemason8",
"Texture.stonemason9",
"Texture.stonemason10",
"Texture.stonemason11",
"Texture.stonemason12",
"Texture.stonemason13",
"Texture.stonemason14",
"Texture.stonemason15",
"Texture.stonemason16",
"Texture.stonemason17",
"Texture.stonemason18",
"Texture.stonemason19",
"Texture.stonemason20",
"Texture.stonemason21",
"Texture.stonemason22",
"Texture.stonemason23",
"Texture.stonemason24",
"Texture.stonemason25",
"Texture.stonemason26",
"Texture.stonemason27",
"Texture.stonemason28",
"Texture.stonemason29",
"Texture.stonemason30",
"Texture.stonemason31",
"Texture.stonemason32",
"Texture.stonemason33",
"Texture.stonemason34",
"Texture.stonemason35",
"Texture.stonemason36",
"Texture.stonemason37",
"Texture.stonemason38",
"Texture.stonemason39",
"Texture.stonemason40",
"Texture.stonemason41",
"Texture.stonemason42",
"Texture.stonemason43",
"Texture.stonemason44",
"Texture.stonemason45",
"Texture.stonemason46",
"Texture.stonemason47",
"Texture.stonemason48",
"Texture.stonemason49",
"Texture.stonemason50",
"Texture.stonemason51",
"Texture.stonemason52",
"Texture.stonemason53",
"Texture.stonemason54",
"Texture.stonemason55",
"Texture.stonemason56",
"Texture.stonemason57",
"Texture.stonemason58",
"Texture.stonemason59",
"Texture.stonemason60",
"Texture.stonemason61",
"Texture.stonemason62",
"Texture.stonemason63",
"Texture.stonemason64",
"Texture.stonemason65",
"Texture.stonemason66",
"Texture.stonemason67",
"Texture.stonemason68",
"Texture.stonemason69",
"Texture.stonemason70"
          ]
        }
      },

      "geometry": "Geometry.default",
      "materials": [
        { "*": "(query.is_baby || variable.profession_index == 0) ? Material.default : Material.masked" }
      ],
      "textures": [
        "Array.biomes[variable.Xvar] : Array.biomes[query.mark_variant]",
        "Array.professions[variable.Xvar] : Array.professions[variable.profession_index]"
      ]
    },
    "controller.render.villager_v2_level": {
      "arrays": {
        "textures": {
          "Array.levels": [
            "Texture.level_stone",
            "Texture.level_iron",
            "Texture.level_gold",
            "Texture.level_emerald",
            "Texture.level_diamond"
          ]
        }
      },
      "rebuild_animation_matrices": true,
      "geometry": "Geometry.default",
      // If we are not babies, unskilled, or nitwits we can have a job level
      // No, Fuck You Mojang
      "part_visibility": [ { "*": "!query.is_baby && variable.profession_index != 0 && variable.profession_index != 14" } ],
      "materials": [
        { "*": "Material.default" }
      ],
      "textures": [
        "Array.levels[variable.level_index]"
      ]
    }
  }
}
