{
	"format_version": "1.10.0",
	"geometry.pillager": {
		"texturewidth": 128,
		"textureheight": 128,
		"visible_bounds_width": 3,
		"visible_bounds_height": 3,
		"visible_bounds_offset": [0, 1.5, 0],
		"bones": [
			{
				"name": "waist",
				"pivot": [0, 12, 0]
			},
			{
				"name": "player",
				"parent": "waist",
				"pivot": [0, 0, 0],
				"cubes": [
					{"origin": [-4, 12, -2], "size": [8, 12, 4], "uv": [16, 32], "inflate": 0.28},
					{"origin": [-4, 12, -2], "size": [8, 12, 4], "uv": [16, 16]}
				]
			},
			{
				"name": "leftLeg",
				"parent": "player",
				"pivot": [2, 12, 0],
				"cubes": [
					{"origin": [0, 0, -2], "size": [4, 12, 4], "uv": [0, 48], "inflate": 0.25},
					{"origin": [0, 0, -2], "size": [4, 12, 4], "uv": [16, 48]}
				]
			},
			{
				"name": "rightLeg",
				"parent": "player",
				"pivot": [-2, 12, 0],
				"cubes": [
					{"origin": [-4, 0, -2], "size": [4, 12, 4], "uv": [0, 32], "inflate": 0.25},
					{"origin": [-4, 0, -2], "size": [4, 12, 4], "uv": [0, 16]}
				]
			},
			{
				"name": "leftArm",
				"parent": "player",
				"pivot": [5, 22, 0],
				"cubes": [
					{"origin": [4, 12, -2], "size": [3, 12, 4], "uv": [38, 64]},
					{"origin": [4, 12, -2], "size": [3, 12, 4], "uv": [38, 80], "inflate": 0.25}
				]
			},
			{
				"name": "left_arm4",
				"parent": "leftArm",
				"pivot": [-5, 22, 0],
				"cubes": [
					{"origin": [4, 12, -2], "size": [4, 12, 4], "uv": [48, 48], "inflate": 0.25},
					{"origin": [4, 12, -2], "size": [4, 12, 4], "uv": [32, 48]}
				]
			},
			{
				"name": "rightArm",
				"parent": "player",
				"pivot": [-5, 22, 0],
				"cubes": [
					{"origin": [-7, 12, -2], "size": [3, 12, 4], "uv": [24, 64]},
					{"origin": [-7, 12, -2], "size": [3, 12, 4], "uv": [24, 80], "inflate": 0.25}
				]
			},
			{
				"name": "right_arm4",
				"parent": "rightArm",
				"pivot": [-5, 22, 0],
				"cubes": [
					{"origin": [-8, 12, -2], "size": [4, 12, 4], "uv": [40, 16]},
					{"origin": [-8, 12, -2], "size": [4, 12, 4], "uv": [40, 32], "inflate": 0.25}
				]
			},
			{
				"name": "held_item",
				"parent": "rightArm",
				"pivot": [-4, -4, 0]
			},
			{
				"name": "head",
				"parent": "player",
				"pivot": [0, 24, 0],
				"cubes": [
					{"origin": [-4, 24, -4], "size": [8, 8, 8], "uv": [0, 0]},
					{"origin": [-4, 24, -4], "size": [8, 8, 8], "uv": [32, 0], "inflate": 0.5}
				]
			},
			{
				"name": "tit",
				"parent": "player",
				"pivot": [0, 0.3, 4]
			},
				{
					"name": "boobie",
					"parent": "tit",
					"pivot": [0, 23, -2],
					"rotation": [45, 0, 0],
					"cubes": [
						{"origin": [-4, 19, -6], "size": [8, 4, 4], "inflate": -0.03, "uv": [0, 84]},
						{"origin": [-4, 19, -6], "size": [8, 4, 4], "inflate": 0.26, "uv": [0, 96]}
					]
			},
			{
				"name": "rightItem",
				"pivot": [-6, 15, 1]
			}
		]
	}
}