{
	"format_version": "1.10.0",
	"geometry.villager.witch:geometry.pillager": {
		"texturewidth": 128,
		"textureheight": 128,
		"visible_bounds_width": 2,
		"visible_bounds_height": 4,
		"visible_bounds_offset": [0, 2, 0],
		"bones": [
			{
				"name": "nose",
				"pivot": [0, 0, 0]
			},
			{
				"name": "hat",
				"pivot": [-5, 32.03125, -5],
				"cubes": [
					{"origin": [-5, 30.1, -5], "size": [10, 2, 10], "uv": [0, 116]},
					{"origin": [-8, 30.1, -8], "size": [16, 1, 16], "uv": [48, 111]}
				]
			},
			{
				"name": "bone16",
				"parent": "hat",
				"pivot": [-3.5, 31.1, -3.5],
				"rotation": [-3, 0, 2],
				"cubes": [
					{"origin": [-3.5349, 32.09802, -3.55231], "size": [7, 4, 7], "uv": [31, 114]}
				]
			},
			{
				"name": "bone17",
				"parent": "bone16",
				"pivot": [-2, 35.1, -2],
				"rotation": [-7, 0, 4],
				"cubes": [
					{"origin": [-2.10444, 36.07938, -2.17295], "size": [4, 4, 4], "uv": [48, 105]}
				]
			},
			{
				"name": "bone18",
				"parent": "bone17",
				"pivot": [-0.5, 39.1, -0.5],
				"rotation": [-15, 0, 6],
				"cubes": [
					{"origin": [-0.70624, 39.98552, -0.91632], "size": [1, 2, 1], "uv": [56, 116]}
				]
			}
		]
	}
}