{
	"format_version" : "1.8.0",
	"animations" : {
		"animation.evoker.casting" : {
			"loop" : true,
			"bones" : {
				"leftArm" : {
					"rotation" : [ "math.cos(query.life_time * 763.4) * 14.3239 - this", "-this", "-135.0 - this" ]
				},
				"rightArm" : {
					"rotation" : [ "math.cos(query.life_time * 763.4) * 14.3239 - this", "-this", "135.0 - this" ]
				}
			}
		},
		"animation.evoker.casting.v1.0" : {
			"loop" : true,
			"bones" : {
				"leftArm" : {
					"position" : [ "5.0 - this", 0.0, "-this" ],
					"rotation" : [ "math.cos(query.life_time * 763.4) * 14.3239 - this", "-this", "-135.0 - this" ]
				},
				"rightArm" : {
					"position" : [ "-5.0 - this", 0.0, "-this" ],
					"rotation" : [ "math.cos(query.life_time * 763.4) * 14.3239 - this", "-this", "135.0 - this" ]
				}
			}
		}
	}
}
