{
	"format_version" : "1.8.0",
	"animations" : {
		"animation.iron_golem.attack" : {
			"loop" : true,
			"bones" : {
				"boolet" : {
					"scale" : "1.0"
				},
				"golemleft_arm" : {
					"rotation" : [ "-114 + ((1.5 * math.abs(math.mod(variable.attack_animation_tick - query.frame_alpha, 10) - 5) - 2.5) / 5) * 57.3", 0.0, 0.0 ]
				},
				"golemright_arm" : {
					"rotation" : [ "-114 + ((1.5 * math.abs(math.mod(variable.attack_animation_tick - query.frame_alpha, 10) - 5) - 2.5) / 5) * 57.3", 0.0, 0.0 ]
				},
				"leftarm" : {
					"rotation" : [ "-114 + ((1.5 * math.abs(math.mod(variable.attack_animation_tick - query.frame_alpha, 10) - 5) - 2.5) / 5) * 57.3", 0.0, 0.0 ]
				},
				"rightarm" : {
					"rotation" : [ "-114 + ((1.5 * math.abs(math.mod(variable.attack_animation_tick - query.frame_alpha, 10) - 5) - 2.5) / 5) * 57.3", 0.0, 0.0 ]
				},
				"arm_armed" : {
					"rotation" : [ -90.0, 0.0, 0.0 ]
				},
				"leftarm2" : {
					"rotation" : [ 0.0, 0.0, 45.0 ]
				},
				"speear" : {
					"scale" : "1.0"
				},
				"gun" : {
					"scale" : "1.0"
				},
				"unarmed" : {
					"scale" : "0.0"
				},
				"golemroseplayer" : {
					"scale" : "0.0"
				},
				"golemrose" : {
					"scale" : "0.0"
				}
			}
		},
		"animation.iron_golem.flower" : {
			"loop" : true,
			"bones" : {
				"rightarm" : {
					"rotation" : [ "-45.8 + ((0.25 * math.abs(math.mod(variable.offer_flower_tick, 70) - 35) - 17.5) / 35)", 0.0, 0.0 ]
				},
				"rightarm2" : {
					"rotation" : [ "-45.8 + ((0.25 * math.abs(math.mod(variable.offer_flower_tick, 70) - 35) - 17.5) / 35)", 0.0, 0.0 ]
				},
				"golemright_arm" : {
					"rotation" : [ "-45.8 + ((0.25 * math.abs(math.mod(variable.offer_flower_tick, 70) - 35) - 17.5) / 35)", 0.0, 0.0 ]
				},
				"golemroseplayer" : {
					"scale" : "1.0"
				},
				"golemrose" : {
					"scale" : "1.0"
				},
				"speear" : {
					"scale" : "0.0"
				},
				"gun" : {
					"scale" : "0.0"
				},
				"unarmed" : {
					"scale" : "1.0"
				}
			}
		},
		"animation.iron_golem.move" : {
			"loop" : true,
			"bones" : {
				"speear" : {
					"scale" : "0.0"
				},
				"gun" : {
					"scale" : "0.0"
				},
				"unarmed" : {
					"scale" : "1.0"
				},
				"golemroseplayer" : {
					"scale" : "0.0"
				},
				"golemrose" : {
					"scale" : "0.0"
				}
			}
		},
		"animation.iron_golem.walk" : {
			"loop" : true,
			"bones" : {
				"golembody" : {
					"rotation" : [ 0.0, 0.0, "2.0 * (math.abs(math.mod(query.modified_distance_moved + 6, 13.0) - 6.5) - 3.25)" ]
				},
				"golemright_leg" : {
					"rotation" : [ "(math.cos(query.modified_distance_moved * 38.17) * 40.0)", 0.0, 0.0 ]
				},
				"golemleft_leg" : {
					"rotation" : [ "(math.cos(query.modified_distance_moved * 38.17 + 180) * 40.0)", 0.0, 0.0 ]
				},
				"rightleg" : {
					"rotation" : [ "(math.cos(query.modified_distance_moved * 38.17) * 40.0)", 0.0, 0.0 ]
				},
				"leftleg" : {
					"rotation" : [ "(math.cos(query.modified_distance_moved * 38.17 + 180) * 40.0)", 0.0, 0.0 ]
				},
				"golemleft_arm" : {
					"rotation" : [ "(math.cos(query.modified_distance_moved * 38.17) * 40.0)", 0.0, 0.0 ]
				},
				"golemright_arm" : {
					"rotation" : [ "(math.cos(query.modified_distance_moved * 38.17 + 180) * 40.0)", 0.0, 0.0 ]
				},
				"leftarm" : {
					"rotation" : [ "(math.cos(query.modified_distance_moved * 38.17) * 40.0)", 0.0, 0.0 ]
				},
				"rightarm" : {
					"rotation" : [ "(math.cos(query.modified_distance_moved * 38.17 + 180) * 40.0)", 0.0, 0.0 ]
				},
				"leftarm2" : {
					"rotation" : [ "(math.cos(query.modified_distance_moved * 38.17) * 40.0)", 0.0, 0.0 ]
				},
				"rightarm2" : {
					"rotation" : [ "(math.cos(query.modified_distance_moved * 38.17 + 180) * 40.0)", 0.0, 0.0 ]
				}
			}
		},
		"animation.iron_golem.move_to_target" : {
			"loop" : true,
			"bones" : {
				"arm_armed" : {
					"rotation" : [ -90.0, 0.0, 0.0 ]
				},
				"leftarm2" : {
					"rotation" : [ 0.0, 0.0, 45.0 ]
				},
				"speear" : {
					"scale" : "1.0"
				},
				"gun" : {
					"scale" : "1.0"
				},
				"unarmed" : {
					"scale" : "0.0"
				},
				"golemroseplayer" : {
					"scale" : "0.0"
				},
				"golemrose" : {
					"scale" : "0.0"
				},
				"boolet" : {
					"scale" : "0.0"
                }
			}
		},
		"animation.iron_golem.walk_to_target" : {
			"loop" : true,
			"bones" : {
				"golembody" : {
					"rotation" : [ 0.0, 0.0, "2.0 * (math.abs(math.mod(query.modified_distance_moved + 6, 13.0) - 6.5) - 3.25)" ]
				},
				"golemright_leg" : {
					"rotation" : [ "(math.cos(query.modified_distance_moved * 38.17) * 40.0)", 0.0, 0.0 ]
				},
				"golemleft_leg" : {
					"rotation" : [ "(math.cos(query.modified_distance_moved * 38.17 + 180) * 40.0)", 0.0, 0.0 ]
				},
				"rightleg" : {
					"rotation" : [ "(math.cos(query.modified_distance_moved * 38.17) * 40.0)", 0.0, 0.0 ]
				},
				"leftleg" : {
					"rotation" : [ "(math.cos(query.modified_distance_moved * 38.17 + 180) * 40.0)", 0.0, 0.0 ]
				},
				"golemleft_arm" : {
					"rotation" : [ "(math.cos(query.modified_distance_moved * 38.17) * 40.0)", 0.0, 0.0 ]
				},
				"golemright_arm" : {
					"rotation" : [ "(math.cos(query.modified_distance_moved * 38.17 + 180) * 40.0)", 0.0, 0.0 ]
				},
				"leftarm" : {
					"rotation" : [ "(math.cos(query.modified_distance_moved * 38.17) * 40.0)", 0.0, 0.0 ]
				},
				"rightarm" : {
					"rotation" : [ "(math.cos(query.modified_distance_moved * 38.17 + 180) * 40.0)", 0.0, 0.0 ]
				},
				"leftarm2" : {
					"rotation" : [ 0.0, 0.0, 0.0 ]
				},
				"rightarm2" : {
					"rotation" : [ 0.0, 0.0, 0.0 ]
				}
			}
		}
	}
}
