{
	"format_version" : "1.8.0",
	"animations" : {
		"animation.villager.baby_transform" : {
			"loop" : true,
			"bones" : {
				"head" : {
					"scale" : 1.5
				}
			}
		},
		"animation.villager.general" : {
			"loop" : true,
			"bones" : {
				"arms" : {
					"position" : [ 0.0, -1.0, -1.0 ],
					"rotation" : [ "-42.97 - this", 0.0, 0.0 ]
				},
				"leftarm" : {
					"rotation" : [ "(math.cos(query.life_time * 70.0) * 2.8)", 0.0, "(math.cos(query.life_time * 50.0) * 2.8) - 2.8" ]
				},
				"rightarm" : {
					"rotation" : [ "(math.cos(query.life_time * 70.0) * -2.8)", 0.0, "(math.cos(query.life_time * 50.0) * -2.8) + 2.8" ]
				}
                        }
		},
		"animation.villager.riding" : {
			"loop" : true,
			"bones" : {
				"leftarm" : {
					"rotation" : [ -36.0, 0.0, 0.0 ]
				},
				"rightarm" : {
					"rotation" : [ -36.0, 0.0, 0.0 ]
				},
				"leftleg" : {
					"rotation" : [ "-72.0 - this", "-18.0 - this", "-this" ]
				},
				"rightleg" : {
					"rotation" : [ "-72.0 - this", "18.0 - this", "-this" ]
				},
				"playerp" : {
					"position" : [ 0.0, -6.0, 0.0 ]
				}
			}
		},
		"animation.villager.general.v1.0" : {
			"loop" : true,
			"bones" : {
				"arms" : {
					"position" : [ 0.0, "-3.0 - this", "-1.0 - this" ],
					"rotation" : [ "-42.97 - this", 0.0, 0.0 ]
				}
			}
		},
		"animation.villager.get_in_bed" : {
			"loop" : true,
			"bones" : {
				"body" : {
					"position" : [ 0.0, 1.0, -15.0 ],
					"rotation" : [ -90.0, 0.0, 0.0 ]
				},
				"head" : {
					"rotation" : [ -90.0, 0.0, 0.0 ]
				}
			}
		},
		"animation.villager.move" : {
			"anim_time_update" : "query.modified_distance_moved",
			"loop" : true,
			"bones" : {
				"rightleg" : {
					"rotation" : [ "(math.cos(query.anim_time * 38.17) * 40.0) - this", "-this", 0.0 ]
				},
				"leftleg" : {
					"rotation" : [ "(math.cos(query.anim_time * 38.17 + 180) * 40.0) - this", "-this", 0.0 ]
				},
				"leftarm" : {
					"rotation" : [ "(math.cos(query.anim_time * 38.17) * 40.0) - this", "-this", 0.0 ]
				},
				"rightarm" : {
					"rotation" : [ "(math.cos(query.anim_time * 38.17 + 180) * 40.0) - this", "-this", 0.0 ]
				}
			}
		},
		"animation.villager.raise_arms" : {
			"loop" : true,
			"bones" : {
				"arms" : {
					"rotation" : [ "variable.raise_arms * -15.0", 0.0, 0.0 ]
				}
			}
		}
	}
}
