{
	"format_version" : "1.8.0",
	"animations" : {
		"animation.witch.general" : {
			"loop" : true,
			"bones" : {
				"nose" : {
					"rotation" : [ "(variable.isholdingitem ? -25.7831 : (math.sin(query.life_time * 57.296) * 4.5)) - this", 0.0, "(math.cos(query.life_time * 57.296) * 2.5) - this" ]
				},
				"leftarm" : {
					"rotation" : [ "(math.cos(query.life_time * 70.0) * 2.8)", 0.0, "(math.cos(query.life_time * 50.0) * 2.8) - 2.8" ]
				},
				"rightarm" : {
					"rotation" : [ "(math.cos(query.life_time * 70.0) * -2.8)", 0.0, "(math.cos(query.life_time * 50.0) * -2.8) + 2.8" ]
				}
			}
		}
	}
}
