{
  "format_version": "1.8.0",
  "render_controllers": {
    "controller.render.cmm.evoker": {
      "arrays": {
        "textures": {
          "Array.skins": [
            "Texture.default",
            "Texture.default2",
            "Texture.default3",
            "Texture.default4",
            "Texture.default5",
            "Texture.default6",
            "Texture.default7",
            "Texture.default8",
            "Texture.default9"
          ]
        }
      },
      "geometry": "Geometry.default",
      "materials": [ { "*": "Material.default" } ],
      "textures": [ "Array.skins[variable.Xvar]" ]
    }
  }
}